{"address": "Calle Palmas de Gran Canaria, Albacete", "distance": 250, "initial": 1526705367, "final": 1528823322, "intersections": [{"identifier": 333719887, "longitude": -1.8663984, "latitude": 38.9869795}, {"identifier": 333720921, "longitude": -1.8637137, "latitude": 38.9851337}, {"identifier": 333720922, "longitude": -1.864522, "latitude": 38.9853867}, {"identifier": 335606019, "longitude": -1.8633584, "latitude": 38.984847}, {"identifier": 335606021, "longitude": -1.8638056, "latitude": 38.9850216}, {"identifier": 335606022, "longitude": -1.8635578, "latitude": 38.9851762}, {"identifier": 335606024, "longitude": -1.8633086, "latitude": 38.9850342}, {"identifier": 335606026, "longitude": -1.8637006, "latitude": 38.9848112}, {"identifier": 335607938, "longitude": -1.866186, "latitude": 38.98705}, {"identifier": 335607940, "longitude": -1.8666125, "latitude": 38.9871551}, {"identifier": 335607941, "longitude": -1.8665516, "latitude": 38.9872907}, {"identifier": 335607942, "longitude": -1.8664091, "latitude": 38.9873493}, {"identifier": 335607943, "longitude": -1.8662377, "latitude": 38.9873177}, {"identifier": 335607946, "longitude": -1.8666218, "latitude": 38.9875285}, {"identifier": 434014584, "longitude": -1.8620555, "latitude": 38.9863228}, {"identifier": 551594208, "longitude": -1.8664235, "latitude": 38.9849452}, {"identifier": 551594220, "longitude": -1.8660607, "latitude": 38.9852057}, {"identifier": 672063299, "longitude": -1.8643376, "latitude": 38.9888384}, {"identifier": 672063300, "longitude": -1.8634083, "latitude": 38.9883502}, {"identifier": 672063710, "longitude": -1.8628215, "latitude": 38.9880299}, {"identifier": 672063711, "longitude": -1.8619991, "latitude": 38.9890059}, {"identifier": 1255547637, "longitude": -1.8650502, "latitude": 38.9892083}, {"identifier": 1322977377, "longitude": -1.8632084, "latitude": 38.9869236}, {"identifier": 1322977383, "longitude": -1.8638762, "latitude": 38.986126}, {"identifier": 1322977385, "longitude": -1.86243, "latitude": 38.9878206}, {"identifier": 1322980461, "longitude": -1.8630544, "latitude": 38.988817}, {"identifier": 1322980462, "longitude": -1.8620344, "latitude": 38.9882924}, {"identifier": 1322980464, "longitude": -1.8624226, "latitude": 38.9884973}, {"identifier": 1429086687, "longitude": -1.8670281, "latitude": 38.9871984}, {"identifier": 1526705357, "longitude": -1.866637, "latitude": 38.9872832}, {"identifier": 1526705367, "longitude": -1.8658514, "latitude": 38.9871586}, {"identifier": 1526705382, "longitude": -1.8627854, "latitude": 38.9855792}, {"identifier": 1526705389, "longitude": -1.8647416, "latitude": 38.9865824}, {"identifier": 1526705395, "longitude": -1.8618775, "latitude": 38.9853212}, {"identifier": 1526752558, "longitude": -1.8647152, "latitude": 38.9847947}, {"identifier": 1528823253, "longitude": -1.8671617, "latitude": 38.9862034}, {"identifier": 1528823271, "longitude": -1.864403, "latitude": 38.9870299}, {"identifier": 1528823288, "longitude": -1.8647438, "latitude": 38.9883992}, {"identifier": 1528823322, "longitude": -1.8617362, "latitude": 38.9855843}, {"identifier": 1528823325, "longitude": -1.8626463, "latitude": 38.9866307}, {"identifier": 1528823384, "longitude": -1.8658842, "latitude": 38.9883179}, {"identifier": 1528832258, "longitude": -1.8638681, "latitude": 38.9867613}, {"identifier": 1528832261, "longitude": -1.8634908, "latitude": 38.9865749}, {"identifier": 1528832266, "longitude": -1.8629182, "latitude": 38.9862896}, {"identifier": 1529201976, "longitude": -1.8633036, "latitude": 38.9858209}, {"identifier": 1529202023, "longitude": -1.8623479, "latitude": 38.9860197}, {"identifier": 1529202047, "longitude": -1.8654228, "latitude": 38.9857522}, {"identifier": 1529623348, "longitude": -1.8642387, "latitude": 38.9863163}, {"identifier": 1530705020, "longitude": -1.8637944, "latitude": 38.9878467}, {"identifier": 1530897650, "longitude": -1.8668628, "latitude": 38.985777}, {"identifier": 1531659768, "longitude": -1.862891, "latitude": 38.9854731}, {"identifier": 1540555108, "longitude": -1.8644479, "latitude": 38.9852391}, {"identifier": 1560699116, "longitude": -1.8662032, "latitude": 38.9879821}, {"identifier": 1560699127, "longitude": -1.8661232, "latitude": 38.9886089}, {"identifier": 1562200768, "longitude": -1.8657364, "latitude": 38.9863027}, {"identifier": 1562200802, "longitude": -1.8669276, "latitude": 38.9858694}, {"identifier": 1589636200, "longitude": -1.8667903, "latitude": 38.9875786}, {"identifier": 1628459224, "longitude": -1.8635742, "latitude": 38.9871142}, {"identifier": 1628459225, "longitude": -1.8641259, "latitude": 38.9874017}, {"identifier": 1628459226, "longitude": -1.8618934, "latitude": 38.9875389}, {"identifier": 1628459229, "longitude": -1.8651554, "latitude": 38.9879381}, {"identifier": 1628459236, "longitude": -1.8664516, "latitude": 38.9890345}, {"identifier": 1635557952, "longitude": -1.866575, "latitude": 38.985164}, {"identifier": 1635557966, "longitude": -1.8667217, "latitude": 38.9850823}, {"identifier": 1736073022, "longitude": -1.8652907, "latitude": 38.9868665}, {"identifier": 1736073025, "longitude": -1.8671135, "latitude": 38.9854176}, {"identifier": 1736073036, "longitude": -1.8654988, "latitude": 38.9875536}, {"identifier": 1736073038, "longitude": -1.8649543, "latitude": 38.9872933}, {"identifier": 1736133421, "longitude": -1.8639535, "latitude": 38.9892768}, {"identifier": 1835353348, "longitude": -1.8661286, "latitude": 38.9853559}, {"identifier": 1835353351, "longitude": -1.8662931, "latitude": 38.9851033}, {"identifier": 1835353359, "longitude": -1.8657588, "latitude": 38.9852032}, {"identifier": 1835353386, "longitude": -1.866425, "latitude": 38.9850985}, {"identifier": 1984210179, "longitude": -1.8616013, "latitude": 38.9887913}, {"identifier": 1991039584, "longitude": -1.865329, "latitude": 38.9858357}, {"identifier": 2221740256, "longitude": -1.8663885, "latitude": 38.9849961}, {"identifier": 4575714122, "longitude": -1.8666065, "latitude": 38.9871843}, {"identifier": 4582722295, "longitude": -1.8633166, "latitude": 38.9850467}], "segments": [{"origin": 333719887, "destination": 1529202047, "distance": 160.618, "speed": 40}, {"origin": 333719887, "destination": 335607938, "distance": 20.729, "speed": 30}, {"origin": 333720921, "destination": 333720922, "distance": 75.50800000000001, "speed": 40}, {"origin": 333720921, "destination": 335606021, "distance": 14.995, "speed": 30}, {"origin": 333720922, "destination": 1991039584, "distance": 86.426, "speed": 40}, {"origin": 335606019, "destination": 335606024, "distance": 22.020000000000003, "speed": 30}, {"origin": 335606021, "destination": 335606026, "distance": 26.553, "speed": 30}, {"origin": 335606022, "destination": 333720921, "distance": 14.472000000000001, "speed": 30}, {"origin": 335606024, "destination": 4582722295, "distance": 1.552, "speed": 30}, {"origin": 335607938, "destination": 335607943, "distance": 33.543, "speed": 30}, {"origin": 335607938, "destination": 1526705367, "distance": 31.564, "speed": 30}, {"origin": 335607940, "destination": 333719887, "distance": 29.277999999999995, "speed": 30}, {"origin": 335607941, "destination": 1526705357, "distance": 7.428, "speed": 30}, {"origin": 335607941, "destination": 4575714122, "distance": 13.022, "speed": 30}, {"origin": 335607942, "destination": 335607946, "distance": 27.144000000000002, "speed": 40}, {"origin": 335607942, "destination": 335607941, "distance": 14.138, "speed": 30}, {"origin": 335607943, "destination": 335607942, "distance": 15.498999999999999, "speed": 30}, {"origin": 434014584, "destination": 1529202023, "distance": 42.126, "speed": 30}, {"origin": 434014584, "destination": 1528823325, "distance": 61.479, "speed": 30}, {"origin": 551594208, "destination": 2221740256, "distance": 6.418, "speed": 30}, {"origin": 551594220, "destination": 1835353348, "distance": 17.855, "speed": 30}, {"origin": 551594220, "destination": 1835353351, "distance": 23.158, "speed": 30}, {"origin": 551594220, "destination": 1835353359, "distance": 26.384, "speed": 30}, {"origin": 672063299, "destination": 672063300, "distance": 96.943, "speed": 30}, {"origin": 672063299, "destination": 1736133421, "distance": 58.977999999999994, "speed": 30}, {"origin": 672063300, "destination": 1530705020, "distance": 65.178, "speed": 30}, {"origin": 672063300, "destination": 672063710, "distance": 61.974999999999994, "speed": 30}, {"origin": 672063710, "destination": 1322980464, "distance": 62.368, "speed": 30}, {"origin": 672063710, "destination": 1322977385, "distance": 41.068, "speed": 30}, {"origin": 1255547637, "destination": 672063299, "distance": 74.06099999999999, "speed": 30}, {"origin": 1255547637, "destination": 1528823384, "distance": 122.469, "speed": 30}, {"origin": 1322977377, "destination": 1528832261, "distance": 45.817, "speed": 30}, {"origin": 1322977377, "destination": 1628459224, "distance": 38.063, "speed": 30}, {"origin": 1322977383, "destination": 1529623348, "distance": 37.814, "speed": 30}, {"origin": 1322977383, "destination": 1529201976, "distance": 60.001999999999995, "speed": 30}, {"origin": 1322977383, "destination": 333720922, "distance": 99.37100000000001, "speed": 30}, {"origin": 1322977385, "destination": 1628459226, "distance": 55.965, "speed": 30}, {"origin": 1322977385, "destination": 1322977377, "distance": 120.31099999999999, "speed": 30}, {"origin": 1322980461, "destination": 672063300, "distance": 60.248, "speed": 30}, {"origin": 1322980461, "destination": 1322980464, "distance": 65.158, "speed": 30}, {"origin": 1322980462, "destination": 1322977385, "distance": 62.621, "speed": 30}, {"origin": 1322980464, "destination": 672063711, "distance": 67.365, "speed": 30}, {"origin": 1322980464, "destination": 1322980462, "distance": 40.556, "speed": 30}, {"origin": 1429086687, "destination": 335607940, "distance": 36.242, "speed": 30}, {"origin": 1526705357, "destination": 4575714122, "distance": 11.309, "speed": 30}, {"origin": 1526705357, "destination": 1429086687, "distance": 35.11, "speed": 30}, {"origin": 1526705367, "destination": 1736073036, "distance": 53.459, "speed": 30}, {"origin": 1526705367, "destination": 335607943, "distance": 37.785, "speed": 30}, {"origin": 1526705367, "destination": 1736073022, "distance": 58.339, "speed": 30}, {"origin": 1526705382, "destination": 1531659768, "distance": 14.916, "speed": 30}, {"origin": 1526705382, "destination": 1529202023, "distance": 61.879999999999995, "speed": 30}, {"origin": 1526705382, "destination": 1529201976, "distance": 52.518, "speed": 30}, {"origin": 1526705382, "destination": 1526705395, "distance": 83.552, "speed": 30}, {"origin": 1526705389, "destination": 1736073022, "distance": 57.012, "speed": 30}, {"origin": 1526705389, "destination": 1529623348, "distance": 52.582, "speed": 30}, {"origin": 1526705389, "destination": 1991039584, "distance": 97.334, "speed": 30}, {"origin": 1526705395, "destination": 1528823322, "distance": 31.702, "speed": 30}, {"origin": 1526705395, "destination": 1526705382, "distance": 83.552, "speed": 30}, {"origin": 1526752558, "destination": 1835353359, "distance": 100.99299999999998, "speed": 30}, {"origin": 1528823253, "destination": 1562200802, "distance": 42.293, "speed": 30}, {"origin": 1528823271, "destination": 1528832258, "distance": 55.04, "speed": 30}, {"origin": 1528823271, "destination": 1526705389, "distance": 57.728, "speed": 30}, {"origin": 1528823288, "destination": 672063299, "distance": 60.147, "speed": 30}, {"origin": 1528823322, "destination": 1526705395, "distance": 31.702, "speed": 30}, {"origin": 1528823322, "destination": 1529202023, "distance": 71.689, "speed": 20}, {"origin": 1528823325, "destination": 1628459226, "distance": 120.138, "speed": 30}, {"origin": 1528823325, "destination": 1322977377, "distance": 58.489999999999995, "speed": 30}, {"origin": 1528823384, "destination": 1560699116, "distance": 46.415, "speed": 30}, {"origin": 1528823384, "destination": 1560699127, "distance": 38.389, "speed": 30}, {"origin": 1528832258, "destination": 1628459224, "distance": 46.745, "speed": 30}, {"origin": 1528832258, "destination": 1528832261, "distance": 38.64, "speed": 30}, {"origin": 1528832261, "destination": 1528832266, "distance": 58.785999999999994, "speed": 30}, {"origin": 1528832261, "destination": 1322977383, "distance": 60.01, "speed": 30}, {"origin": 1528832266, "destination": 1528823325, "distance": 44.619, "speed": 30}, {"origin": 1529201976, "destination": 1528832266, "distance": 61.853, "speed": 30}, {"origin": 1529201976, "destination": 1322977383, "distance": 60.001999999999995, "speed": 30}, {"origin": 1529201976, "destination": 1526705382, "distance": 52.518, "speed": 30}, {"origin": 1529202023, "destination": 1528823322, "distance": 71.689, "speed": 20}, {"origin": 1529202023, "destination": 434014584, "distance": 42.126, "speed": 30}, {"origin": 1529202023, "destination": 1526705382, "distance": 61.879999999999995, "speed": 30}, {"origin": 1529202047, "destination": 1540555108, "distance": 102.333, "speed": 40}, {"origin": 1529623348, "destination": 1528832258, "distance": 58.945, "speed": 30}, {"origin": 1529623348, "destination": 1526705389, "distance": 52.582, "speed": 30}, {"origin": 1529623348, "destination": 1322977383, "distance": 37.814, "speed": 30}, {"origin": 1530705020, "destination": 1528823288, "distance": 102.506, "speed": 30}, {"origin": 1530705020, "destination": 1628459225, "distance": 57.178, "speed": 30}, {"origin": 1530897650, "destination": 1562200802, "distance": 11.702, "speed": 30}, {"origin": 1530897650, "destination": 1736073025, "distance": 45.459, "speed": 30}, {"origin": 1530897650, "destination": 1835353348, "distance": 79.30799999999999, "speed": 30}, {"origin": 1531659768, "destination": 1526705382, "distance": 14.916, "speed": 30}, {"origin": 1531659768, "destination": 335606022, "distance": 67.024, "speed": 30}, {"origin": 1540555108, "destination": 335606021, "distance": 60.596000000000004, "speed": 40}, {"origin": 1540555108, "destination": 1526752558, "distance": 54.565999999999995, "speed": 30}, {"origin": 1560699116, "destination": 335607946, "distance": 62.072, "speed": 30}, {"origin": 1560699116, "destination": 1560699127, "distance": 96.957, "speed": 20}, {"origin": 1560699127, "destination": 1628459236, "distance": 55.184, "speed": 30}, {"origin": 1562200768, "destination": 335607938, "distance": 91.931, "speed": 40}, {"origin": 1562200768, "destination": 1736073022, "distance": 73.59, "speed": 30}, {"origin": 1562200802, "destination": 1528823253, "distance": 42.293, "speed": 30}, {"origin": 1562200802, "destination": 1530897650, "distance": 11.702, "speed": 30}, {"origin": 1589636200, "destination": 1526705357, "distance": 35.543, "speed": 40}, {"origin": 1589636200, "destination": 1429086687, "distance": 49.299, "speed": 30}, {"origin": 1628459224, "destination": 672063710, "distance": 120.83, "speed": 30}, {"origin": 1628459224, "destination": 1628459225, "distance": 57.408, "speed": 30}, {"origin": 1628459225, "destination": 1528823271, "distance": 47.778, "speed": 30}, {"origin": 1628459225, "destination": 1628459229, "distance": 107.12100000000001, "speed": 30}, {"origin": 1628459229, "destination": 1528823288, "distance": 62.405, "speed": 30}, {"origin": 1628459229, "destination": 1528823384, "distance": 75.836, "speed": 30}, {"origin": 1635557952, "destination": 1736073025, "distance": 54.42, "speed": 30}, {"origin": 1635557966, "destination": 551594208, "distance": 29.945, "speed": 30}, {"origin": 1635557966, "destination": 1635557952, "distance": 20.031, "speed": 30}, {"origin": 1736073022, "destination": 1736073038, "distance": 55.656, "speed": 30}, {"origin": 1736073022, "destination": 1526705389, "distance": 57.012, "speed": 30}, {"origin": 1736073022, "destination": 1562200768, "distance": 73.59, "speed": 30}, {"origin": 1736073022, "destination": 1526705367, "distance": 58.339, "speed": 30}, {"origin": 1736073025, "destination": 1530897650, "distance": 45.459, "speed": 30}, {"origin": 1736073036, "destination": 1736073038, "distance": 55.25, "speed": 30}, {"origin": 1736073036, "destination": 1628459229, "distance": 52.047, "speed": 30}, {"origin": 1736073038, "destination": 1736073022, "distance": 55.656, "speed": 30}, {"origin": 1736073038, "destination": 1528823271, "distance": 55.931, "speed": 30}, {"origin": 1736133421, "destination": 1322980461, "distance": 93.019, "speed": 30}, {"origin": 1835353348, "destination": 1530897650, "distance": 87.776, "speed": 30}, {"origin": 1835353348, "destination": 1530897650, "distance": 79.30799999999999, "speed": 30}, {"origin": 1835353348, "destination": 551594220, "distance": 17.855, "speed": 30}, {"origin": 1835353351, "destination": 1835353386, "distance": 11.511, "speed": 30}, {"origin": 1835353351, "destination": 551594220, "distance": 23.158, "speed": 30}, {"origin": 1835353359, "destination": 1529202047, "distance": 67.602, "speed": 30}, {"origin": 1835353359, "destination": 551594220, "distance": 26.384, "speed": 30}, {"origin": 1835353386, "destination": 1635557952, "distance": 14.883, "speed": 30}, {"origin": 1984210179, "destination": 672063711, "distance": 41.851, "speed": 30}, {"origin": 1984210179, "destination": 1322980462, "distance": 66.923, "speed": 30}, {"origin": 1991039584, "destination": 1562200768, "distance": 62.92, "speed": 40}, {"origin": 2221740256, "destination": 1835353351, "distance": 14.566, "speed": 30}, {"origin": 2221740256, "destination": 1835353386, "distance": 11.902999999999999, "speed": 30}, {"origin": 4575714122, "destination": 335607940, "distance": 3.288, "speed": 30}, {"origin": 4582722295, "destination": 1531659768, "distance": 60.081, "speed": 30}, {"origin": 4582722295, "destination": 335606022, "distance": 26.859, "speed": 30}]}