{"address": "Camino de San Antonio, Albacete", "distance": 250, "initial": 1528823111, "final": 1845567326, "intersections": [{"identifier": 1528823042, "longitude": -1.8943897, "latitude": 38.9878574}, {"identifier": 1528823043, "longitude": -1.8957224, "latitude": 38.9877959}, {"identifier": 1528823046, "longitude": -1.8923604, "latitude": 38.9865822}, {"identifier": 1528823048, "longitude": -1.8932125, "latitude": 38.9867748}, {"identifier": 1528823111, "longitude": -1.8954991, "latitude": 38.9856487}, {"identifier": 1537103695, "longitude": -1.8951775, "latitude": 38.9871109}, {"identifier": 1537103731, "longitude": -1.89332, "latitude": 38.9879457}, {"identifier": 1537103810, "longitude": -1.8920684, "latitude": 38.9841032}, {"identifier": 1537103865, "longitude": -1.8915419, "latitude": 38.9880347}, {"identifier": 1537103869, "longitude": -1.8950404, "latitude": 38.985476}, {"identifier": 1537103912, "longitude": -1.8961596, "latitude": 38.9870649}, {"identifier": 1537103926, "longitude": -1.8955978, "latitude": 38.9864712}, {"identifier": 1537104044, "longitude": -1.8956559, "latitude": 38.9870884}, {"identifier": 1537104047, "longitude": -1.8952372, "latitude": 38.9854858}, {"identifier": 1537104205, "longitude": -1.8912693, "latitude": 38.9847307}, {"identifier": 1537104312, "longitude": -1.8952795, "latitude": 38.9854081}, {"identifier": 1537104335, "longitude": -1.895126, "latitude": 38.9853058}, {"identifier": 1537104364, "longitude": -1.8950258, "latitude": 38.987828}, {"identifier": 1845567326, "longitude": -1.8931312, "latitude": 38.9879552}, {"identifier": 9724657571, "longitude": -1.8939326, "latitude": 38.9878955}], "segments": [{"origin": 1528823042, "destination": 1537104364, "distance": 55.075, "speed": 20}, {"origin": 1528823042, "destination": 9724657571, "distance": 39.733, "speed": 20}, {"origin": 1528823042, "destination": 1537103869, "distance": 288.341, "speed": 20}, {"origin": 1528823043, "destination": 1537104364, "distance": 60.313, "speed": 20}, {"origin": 1528823043, "destination": 1537104044, "distance": 78.88, "speed": 20}, {"origin": 1528823046, "destination": 1537103810, "distance": 277.933, "speed": 20}, {"origin": 1528823048, "destination": 1537103731, "distance": 130.529, "speed": 20}, {"origin": 1528823111, "destination": 1537104047, "distance": 28.992, "speed": 20}, {"origin": 1537103695, "destination": 1537104044, "distance": 41.424, "speed": 20}, {"origin": 1537103731, "destination": 1845567326, "distance": 16.352, "speed": 20}, {"origin": 1537103731, "destination": 1528823048, "distance": 130.529, "speed": 20}, {"origin": 1537103731, "destination": 9724657571, "distance": 53.241, "speed": 20}, {"origin": 1537103810, "destination": 1537104205, "distance": 98.179, "speed": 20}, {"origin": 1537103810, "destination": 1528823046, "distance": 277.933, "speed": 20}, {"origin": 1537103865, "destination": 1845567326, "distance": 137.647, "speed": 20}, {"origin": 1537103865, "destination": 1537104205, "distance": 368.143, "speed": 20}, {"origin": 1537103869, "destination": 1528823042, "distance": 288.341, "speed": 20}, {"origin": 1537103869, "destination": 1537104047, "distance": 19.027, "speed": 20}, {"origin": 1537103912, "destination": 1537104044, "distance": 43.613, "speed": 20}, {"origin": 1537103926, "destination": 1537104044, "distance": 68.813, "speed": 20}, {"origin": 1537104044, "destination": 1537103912, "distance": 43.613, "speed": 20}, {"origin": 1537104044, "destination": 1537103695, "distance": 41.424, "speed": 20}, {"origin": 1537104044, "destination": 1528823043, "distance": 78.88, "speed": 20}, {"origin": 1537104044, "destination": 1537103926, "distance": 68.813, "speed": 20}, {"origin": 1537104047, "destination": 1528823111, "distance": 28.992, "speed": 20}, {"origin": 1537104047, "destination": 1537104312, "distance": 9.623999999999999, "speed": 20}, {"origin": 1537104205, "destination": 1537103865, "distance": 368.143, "speed": 20}, {"origin": 1537104312, "destination": 1537104335, "distance": 19.669, "speed": 20}, {"origin": 1537104335, "destination": 1537103869, "distance": 24.595000000000002, "speed": 20}, {"origin": 1537104364, "destination": 1528823043, "distance": 60.313, "speed": 20}, {"origin": 1537104364, "destination": 1528823042, "distance": 55.075, "speed": 20}, {"origin": 1845567326, "destination": 1537103731, "distance": 16.352, "speed": 20}, {"origin": 1845567326, "destination": 1537103865, "distance": 137.647, "speed": 20}, {"origin": 9724657571, "destination": 1528823042, "distance": 39.733, "speed": 20}, {"origin": 9724657571, "destination": 1537103731, "distance": 53.241, "speed": 20}]}