[{"place_id": 256715688, "licence": "Data \u00a9 OpenStreetMap contributors, ODbL 1.0. http://osm.org/copyright", "osm_type": "way", "osm_id": 110950481, "lat": "38.9975216", "lon": "-1.859014", "class": "highway", "type": "residential", "place_rank": 26, "importance": 0.05339898298619055, "addresstype": "road", "name": "Calle del Virrey Morcillo", "display_name": "Calle del Virrey Morcillo, Feria, Distrito 1, Albacete, Castile-La Mancha, 02005, Spain", "boundingbox": ["38.9962909", "38.9980863", "-1.8591034", "-1.8589357"]}]