{"address": "Avenida de Espa\u00f1a, Albacete", "distance": 250, "initial": 1529475465, "final": 1529475378, "intersections": [{"identifier": 539420443, "longitude": -1.8546975, "latitude": 38.9820721}, {"identifier": 539420445, "longitude": -1.8545015, "latitude": 38.9820159}, {"identifier": 539420447, "longitude": -1.8546674, "latitude": 38.9819293}, {"identifier": 1529475376, "longitude": -1.8554614, "latitude": 38.9814896}, {"identifier": 1529475378, "longitude": -1.855172, "latitude": 38.9803519}, {"identifier": 1529475399, "longitude": -1.854404, "latitude": 38.9800871}, {"identifier": 1529475445, "longitude": -1.8523678, "latitude": 38.9822618}, {"identifier": 1529475457, "longitude": -1.8527511, "latitude": 38.9792665}, {"identifier": 1529475465, "longitude": -1.8519529, "latitude": 38.9787369}, {"identifier": 1529475485, "longitude": -1.8507915, "latitude": 38.9794429}, {"identifier": 1529669447, "longitude": -1.8550767, "latitude": 38.9799901}, {"identifier": 1529669448, "longitude": -1.8549828, "latitude": 38.9796196}, {"identifier": 1529669454, "longitude": -1.8543067, "latitude": 38.9797257}, {"identifier": 1529669475, "longitude": -1.8524835, "latitude": 38.9827313}, {"identifier": 1530850331, "longitude": -1.8548228, "latitude": 38.978939}, {"identifier": 1530850358, "longitude": -1.8530435, "latitude": 38.979141}, {"identifier": 1530850409, "longitude": -1.8558261, "latitude": 38.9788305}, {"identifier": 1530913407, "longitude": -1.8556795, "latitude": 38.9822995}, {"identifier": 1533701484, "longitude": -1.8506825, "latitude": 38.9788254}, {"identifier": 1533701512, "longitude": -1.8526583, "latitude": 38.9792046}, {"identifier": 1533701566, "longitude": -1.8517119, "latitude": 38.978736}, {"identifier": 1578691610, "longitude": -1.8529115, "latitude": 38.9793626}, {"identifier": 1798132266, "longitude": -1.8506674, "latitude": 38.9787397}, {"identifier": 1835353368, "longitude": -1.853541, "latitude": 38.9821183}, {"identifier": 1835712027, "longitude": -1.8533768, "latitude": 38.9822149}, {"identifier": 1835712029, "longitude": -1.8533527, "latitude": 38.9821072}, {"identifier": 1835712031, "longitude": -1.852285, "latitude": 38.9821682}, {"identifier": 1835712044, "longitude": -1.8534435, "latitude": 38.9826066}, {"identifier": 2028804152, "longitude": -1.8533182, "latitude": 38.9808637}, {"identifier": 2028804161, "longitude": -1.8530802, "latitude": 38.9793604}, {"identifier": 2028804164, "longitude": -1.8529737, "latitude": 38.9797706}, {"identifier": 2028804167, "longitude": -1.8531459, "latitude": 38.9797541}, {"identifier": 2028804172, "longitude": -1.8531526, "latitude": 38.9808827}, {"identifier": 2537613526, "longitude": -1.8536619, "latitude": 38.9828417}, {"identifier": 2537613528, "longitude": -1.8534836, "latitude": 38.9828607}, {"identifier": 2887799873, "longitude": -1.8542755, "latitude": 38.9796118}], "segments": [{"origin": 539420443, "destination": 1530913407, "distance": 99.16300000000001, "speed": 30}, {"origin": 539420445, "destination": 1835353368, "distance": 83.80399999999999, "speed": 30}, {"origin": 539420445, "destination": 539420443, "distance": 18.059, "speed": 30}, {"origin": 539420447, "destination": 539420443, "distance": 16.096, "speed": 30}, {"origin": 539420447, "destination": 539420445, "distance": 17.273, "speed": 30}, {"origin": 1529475376, "destination": 1529475378, "distance": 128.95499999999998, "speed": 30}, {"origin": 1529475376, "destination": 539420447, "distance": 91.45700000000001, "speed": 30}, {"origin": 1529475378, "destination": 1529669447, "distance": 41.065, "speed": 30}, {"origin": 1529475378, "destination": 1529475376, "distance": 128.955, "speed": 30}, {"origin": 1529475399, "destination": 1529669447, "distance": 59.14, "speed": 30}, {"origin": 1529475399, "destination": 1529475378, "distance": 98.14099999999999, "speed": 30}, {"origin": 1529475445, "destination": 1835712031, "distance": 12.631, "speed": 30}, {"origin": 1529475445, "destination": 1529669475, "distance": 53.156, "speed": 30}, {"origin": 1529475445, "destination": 1835712027, "distance": 87.37, "speed": 30}, {"origin": 1529475457, "destination": 1578691610, "distance": 17.505000000000003, "speed": 30}, {"origin": 1529475465, "destination": 1533701512, "distance": 80.142, "speed": 30}, {"origin": 1529475485, "destination": 1529475457, "distance": 170.98, "speed": 30}, {"origin": 1529475485, "destination": 1533701484, "distance": 69.306, "speed": 30}, {"origin": 1529669447, "destination": 1529669448, "distance": 41.99, "speed": 30}, {"origin": 1529669447, "destination": 1529475378, "distance": 41.065, "speed": 30}, {"origin": 1529669448, "destination": 1529669454, "distance": 59.620999999999995, "speed": 30}, {"origin": 1529669448, "destination": 1530850331, "distance": 76.93599999999999, "speed": 30}, {"origin": 1529669448, "destination": 1529669447, "distance": 41.99, "speed": 30}, {"origin": 1529669454, "destination": 1529475399, "distance": 41.057, "speed": 30}, {"origin": 1529669475, "destination": 1529475445, "distance": 53.156, "speed": 30}, {"origin": 1529669475, "destination": 1835712044, "distance": 84.155, "speed": 30}, {"origin": 1530850331, "destination": 1530850409, "distance": 87.56099999999999, "speed": 30}, {"origin": 1530850331, "destination": 1529669448, "distance": 76.936, "speed": 30}, {"origin": 1530850358, "destination": 1530850331, "distance": 155.436, "speed": 30}, {"origin": 1530913407, "destination": 1529475376, "distance": 92.009, "speed": 30}, {"origin": 1533701484, "destination": 1798132266, "distance": 9.618, "speed": 30}, {"origin": 1533701484, "destination": 1533701566, "distance": 89.541, "speed": 30}, {"origin": 1533701512, "destination": 1529475457, "distance": 10.57, "speed": 30}, {"origin": 1533701566, "destination": 1529475465, "distance": 24.156000000000002, "speed": 30}, {"origin": 1578691610, "destination": 2028804164, "distance": 45.685, "speed": 30}, {"origin": 1578691610, "destination": 2028804161, "distance": 14.616, "speed": 30}, {"origin": 1835353368, "destination": 1835712029, "distance": 16.323, "speed": 30}, {"origin": 1835353368, "destination": 2028804152, "distance": 140.828, "speed": 30}, {"origin": 1835353368, "destination": 539420445, "distance": 83.804, "speed": 30}, {"origin": 1835353368, "destination": 1835712027, "distance": 18.307000000000002, "speed": 30}, {"origin": 1835712027, "destination": 1835712044, "distance": 43.934999999999995, "speed": 30}, {"origin": 1835712027, "destination": 1835353368, "distance": 18.307000000000002, "speed": 30}, {"origin": 1835712029, "destination": 1835712027, "distance": 12.156, "speed": 30}, {"origin": 1835712029, "destination": 1835712031, "distance": 92.53800000000001, "speed": 30}, {"origin": 1835712031, "destination": 1529475445, "distance": 12.631, "speed": 30}, {"origin": 1835712044, "destination": 2537613528, "distance": 28.466, "speed": 30}, {"origin": 1835712044, "destination": 1529669475, "distance": 84.155, "speed": 30}, {"origin": 2028804152, "destination": 2028804172, "distance": 14.469, "speed": 30}, {"origin": 2028804152, "destination": 2028804167, "distance": 124.27799999999999, "speed": 30}, {"origin": 2028804161, "destination": 1530850358, "distance": 24.602, "speed": 30}, {"origin": 2028804161, "destination": 1578691610, "distance": 14.616, "speed": 30}, {"origin": 2028804164, "destination": 2028804172, "distance": 124.623, "speed": 30}, {"origin": 2028804164, "destination": 2028804167, "distance": 15.004000000000001, "speed": 30}, {"origin": 2028804167, "destination": 2028804161, "distance": 44.144, "speed": 30}, {"origin": 2028804167, "destination": 2028804164, "distance": 15.004000000000001, "speed": 30}, {"origin": 2028804172, "destination": 2028804152, "distance": 14.469, "speed": 30}, {"origin": 2028804172, "destination": 1835712029, "distance": 137.25300000000001, "speed": 30}, {"origin": 2537613526, "destination": 2537613528, "distance": 15.556, "speed": 30}, {"origin": 2537613526, "destination": 1835353368, "distance": 81.115, "speed": 30}, {"origin": 2537613528, "destination": 2537613526, "distance": 15.556, "speed": 30}, {"origin": 2887799873, "destination": 1529669454, "distance": 12.949, "speed": 30}]}