{"address": "Paseo Sim\u00f3n Abril, Albacete", "distance": 250, "initial": 621983933, "final": 1322977378, "intersections": [{"identifier": 434014599, "longitude": -1.858993, "latitude": 38.9902264}, {"identifier": 442909905, "longitude": -1.8565634, "latitude": 38.9903212}, {"identifier": 443511897, "longitude": -1.8586486, "latitude": 38.9910279}, {"identifier": 499274621, "longitude": -1.856762, "latitude": 38.9898668}, {"identifier": 621983933, "longitude": -1.858676, "latitude": 38.9876469}, {"identifier": 672072228, "longitude": -1.8559743, "latitude": 38.9915369}, {"identifier": 950684162, "longitude": -1.8551602, "latitude": 38.9912964}, {"identifier": 950684166, "longitude": -1.8560355, "latitude": 38.9894665}, {"identifier": 950688700, "longitude": -1.8557015, "latitude": 38.9901713}, {"identifier": 958251097, "longitude": -1.855249, "latitude": 38.9883646}, {"identifier": 958273823, "longitude": -1.8546023, "latitude": 38.9898569}, {"identifier": 958273825, "longitude": -1.8546065, "latitude": 38.9886691}, {"identifier": 958273826, "longitude": -1.8544295, "latitude": 38.9910926}, {"identifier": 1255547636, "longitude": -1.858143, "latitude": 38.9899287}, {"identifier": 1255547639, "longitude": -1.8569159, "latitude": 38.9895104}, {"identifier": 1256026659, "longitude": -1.8587738, "latitude": 38.9887202}, {"identifier": 1256026663, "longitude": -1.8592362, "latitude": 38.9878173}, {"identifier": 1256026682, "longitude": -1.8571411, "latitude": 38.9918736}, {"identifier": 1322977378, "longitude": -1.8593983, "latitude": 38.9913849}, {"identifier": 1526053351, "longitude": -1.8543004, "latitude": 38.9882456}, {"identifier": 1528823332, "longitude": -1.8589572, "latitude": 38.9911615}, {"identifier": 1529477429, "longitude": -1.857342, "latitude": 38.9915053}, {"identifier": 1529477449, "longitude": -1.8582255, "latitude": 38.9917979}, {"identifier": 1531659796, "longitude": -1.8580573, "latitude": 38.9883402}, {"identifier": 1533751788, "longitude": -1.8575194, "latitude": 38.9911441}, {"identifier": 1533751804, "longitude": -1.8584239, "latitude": 38.9914336}, {"identifier": 1663102538, "longitude": -1.8577208, "latitude": 38.9907656}, {"identifier": 1835328235, "longitude": -1.8537324, "latitude": 38.9882362}, {"identifier": 1835328238, "longitude": -1.8538193, "latitude": 38.9889859}, {"identifier": 2855727902, "longitude": -1.8547579, "latitude": 38.9886047}], "segments": [{"origin": 434014599, "destination": 1255547636, "distance": 80.577, "speed": 30}, {"origin": 442909905, "destination": 1663102538, "distance": 114.41199999999999, "speed": 30}, {"origin": 442909905, "destination": 672072228, "distance": 144.466, "speed": 30}, {"origin": 443511897, "destination": 434014599, "distance": 93.96199999999999, "speed": 30}, {"origin": 443511897, "destination": 1528823332, "distance": 30.54, "speed": 30}, {"origin": 499274621, "destination": 950684166, "distance": 87.975, "speed": 30}, {"origin": 499274621, "destination": 442909905, "distance": 53.36900000000001, "speed": 30}, {"origin": 621983933, "destination": 1256026663, "distance": 51.993, "speed": 30}, {"origin": 621983933, "destination": 1531659796, "distance": 93.84, "speed": 40}, {"origin": 672072228, "destination": 950684162, "distance": 75.27000000000001, "speed": 30}, {"origin": 950684162, "destination": 950688700, "distance": 133.566, "speed": 30}, {"origin": 950684166, "destination": 442909905, "distance": 105.445, "speed": 30}, {"origin": 950684166, "destination": 958251097, "distance": 140.119, "speed": 30}, {"origin": 950688700, "destination": 950684166, "distance": 83.517, "speed": 30}, {"origin": 958251097, "destination": 2855727902, "distance": 50.144, "speed": 30}, {"origin": 958251097, "destination": 950684166, "distance": 140.119, "speed": 30}, {"origin": 958273823, "destination": 950688700, "distance": 101.229, "speed": 30}, {"origin": 958273823, "destination": 958273826, "distance": 138.214, "speed": 30}, {"origin": 958273825, "destination": 1526053351, "distance": 54.014, "speed": 20}, {"origin": 958273825, "destination": 2855727902, "distance": 14.917, "speed": 30}, {"origin": 958273825, "destination": 1835328238, "distance": 76.615, "speed": 30}, {"origin": 958273826, "destination": 950684162, "distance": 67.262, "speed": 30}, {"origin": 1255547636, "destination": 1255547639, "distance": 115.807, "speed": 30}, {"origin": 1255547636, "destination": 1256026659, "distance": 145.018, "speed": 30}, {"origin": 1255547639, "destination": 499274621, "distance": 41.803, "speed": 30}, {"origin": 1256026659, "destination": 1256026663, "distance": 108.05900000000001, "speed": 30}, {"origin": 1256026682, "destination": 672072228, "distance": 107.566, "speed": 30}, {"origin": 1526053351, "destination": 958273825, "distance": 54.014, "speed": 20}, {"origin": 1528823332, "destination": 1322977378, "distance": 45.501000000000005, "speed": 30}, {"origin": 1529477429, "destination": 1529477449, "distance": 82.999, "speed": 20}, {"origin": 1529477429, "destination": 1256026682, "distance": 44.482, "speed": 30}, {"origin": 1529477449, "destination": 1533751804, "distance": 43.988, "speed": 30}, {"origin": 1531659796, "destination": 1255547639, "distance": 163.42199999999997, "speed": 30}, {"origin": 1531659796, "destination": 1256026659, "distance": 74.96800000000002, "speed": 30}, {"origin": 1533751788, "destination": 1529477429, "distance": 42.991, "speed": 30}, {"origin": 1533751804, "destination": 1533751788, "distance": 84.541, "speed": 20}, {"origin": 1533751804, "destination": 443511897, "distance": 49.127, "speed": 30}, {"origin": 1663102538, "destination": 443511897, "distance": 85.32600000000001, "speed": 30}, {"origin": 1663102538, "destination": 1255547636, "distance": 99.95799999999998, "speed": 30}, {"origin": 1663102538, "destination": 1533751788, "distance": 45.557, "speed": 30}, {"origin": 1835328238, "destination": 1835328235, "distance": 83.701, "speed": 30}, {"origin": 1835328238, "destination": 958273825, "distance": 76.615, "speed": 30}, {"origin": 2855727902, "destination": 958251097, "distance": 50.144, "speed": 30}, {"origin": 2855727902, "destination": 958273825, "distance": 14.917, "speed": 30}, {"origin": 2855727902, "destination": 958273823, "distance": 139.89499999999998, "speed": 30}]}