{"address": "Calle F, Albacete", "distance": 2000, "initial": 1557019711, "final": 2029556698, "intersections": [{"identifier": 354901073, "longitude": -1.8862607, "latitude": 38.9421358}, {"identifier": 527785411, "longitude": -1.8856186, "latitude": 38.9427953}, {"identifier": 527785420, "longitude": -1.8862528, "latitude": 38.9431647}, {"identifier": 1534988662, "longitude": -1.891722, "latitude": 38.9481752}, {"identifier": 1534988808, "longitude": -1.8896155, "latitude": 38.9503522}, {"identifier": 1539997530, "longitude": -1.8854802, "latitude": 38.9425894}, {"identifier": 1539997550, "longitude": -1.8830914, "latitude": 38.9419147}, {"identifier": 1539997553, "longitude": -1.8825388, "latitude": 38.9394665}, {"identifier": 1539997554, "longitude": -1.8808635, "latitude": 38.938978}, {"identifier": 1539997573, "longitude": -1.8863312, "latitude": 38.9382968}, {"identifier": 1539997574, "longitude": -1.8849945, "latitude": 38.9378916}, {"identifier": 1539997575, "longitude": -1.8834788, "latitude": 38.9374651}, {"identifier": 1539997581, "longitude": -1.8844026, "latitude": 38.9422845}, {"identifier": 1545924486, "longitude": -1.8932039, "latitude": 38.9271373}, {"identifier": 1545924491, "longitude": -1.8929968, "latitude": 38.9274209}, {"identifier": 1545924499, "longitude": -1.8930591, "latitude": 38.9280174}, {"identifier": 1545924551, "longitude": -1.8958821, "latitude": 38.9240681}, {"identifier": 1545924598, "longitude": -1.8945253, "latitude": 38.9249522}, {"identifier": 1545924613, "longitude": -1.8935591, "latitude": 38.9252457}, {"identifier": 1545924618, "longitude": -1.8933371, "latitude": 38.9257278}, {"identifier": 1545924638, "longitude": -1.8959396, "latitude": 38.9229547}, {"identifier": 1545924648, "longitude": -1.8949217, "latitude": 38.92473}, {"identifier": 1545924655, "longitude": -1.8951209, "latitude": 38.9252372}, {"identifier": 1545924656, "longitude": -1.8951338, "latitude": 38.9254314}, {"identifier": 1545924763, "longitude": -1.8925738, "latitude": 38.928556}, {"identifier": 1545924810, "longitude": -1.8929591, "latitude": 38.9232007}, {"identifier": 1545924893, "longitude": -1.8966022, "latitude": 38.9228831}, {"identifier": 1545924991, "longitude": -1.8942545, "latitude": 38.9213267}, {"identifier": 1545925001, "longitude": -1.8950124, "latitude": 38.9215678}, {"identifier": 1545925035, "longitude": -1.8960373, "latitude": 38.9224881}, {"identifier": 1557019711, "longitude": -1.8949271, "latitude": 38.9257231}, {"identifier": 1557019715, "longitude": -1.892429, "latitude": 38.9273061}, {"identifier": 1557019723, "longitude": -1.8958569, "latitude": 38.9229621}, {"identifier": 1557019785, "longitude": -1.8939059, "latitude": 38.9251015}, {"identifier": 1557019791, "longitude": -1.8962685, "latitude": 38.9217566}, {"identifier": 1557019823, "longitude": -1.8926636, "latitude": 38.9272163}, {"identifier": 1557019849, "longitude": -1.8941386, "latitude": 38.9216199}, {"identifier": 1557019854, "longitude": -1.894485, "latitude": 38.9249635}, {"identifier": 1557019859, "longitude": -1.8928598, "latitude": 38.9272547}, {"identifier": 1557019860, "longitude": -1.896397, "latitude": 38.9216448}, {"identifier": 1557019966, "longitude": -1.8934719, "latitude": 38.9249009}, {"identifier": 1557019970, "longitude": -1.8938525, "latitude": 38.9251144}, {"identifier": 1557019984, "longitude": -1.8923899, "latitude": 38.9269914}, {"identifier": 1563381063, "longitude": -1.8920898, "latitude": 38.9226595}, {"identifier": 1613139711, "longitude": -1.8887848, "latitude": 38.9360308}, {"identifier": 1647008957, "longitude": -1.8911703, "latitude": 38.9475589}, {"identifier": 1647008994, "longitude": -1.8904897, "latitude": 38.94831}, {"identifier": 1647008998, "longitude": -1.8896058, "latitude": 38.9490756}, {"identifier": 1674790575, "longitude": -1.8973122, "latitude": 38.9227904}, {"identifier": 1674790612, "longitude": -1.897022, "latitude": 38.9233167}, {"identifier": 1773309786, "longitude": -1.8911819, "latitude": 38.9487224}, {"identifier": 1773309855, "longitude": -1.888269, "latitude": 38.948975}, {"identifier": 1773309883, "longitude": -1.8915974, "latitude": 38.9483013}, {"identifier": 1773309963, "longitude": -1.8830247, "latitude": 38.9548434}, {"identifier": 1773310036, "longitude": -1.8898738, "latitude": 38.948383}, {"identifier": 1788442041, "longitude": -1.8840498, "latitude": 38.9399006}, {"identifier": 1788442043, "longitude": -1.879982, "latitude": 38.9408425}, {"identifier": 1788442048, "longitude": -1.8903799, "latitude": 38.9495482}, {"identifier": 1788442049, "longitude": -1.8911292, "latitude": 38.9519331}, {"identifier": 1788442052, "longitude": -1.8853654, "latitude": 38.9402654}, {"identifier": 1845137733, "longitude": -1.8860135, "latitude": 38.942455}, {"identifier": 1845137739, "longitude": -1.8863592, "latitude": 38.9425145}, {"identifier": 1845137761, "longitude": -1.8858824, "latitude": 38.943149}, {"identifier": 1868903672, "longitude": -1.895554, "latitude": 38.9259641}, {"identifier": 1961392144, "longitude": -1.8963949, "latitude": 38.9229055}, {"identifier": 1961392153, "longitude": -1.8942406, "latitude": 38.9230929}, {"identifier": 1961392157, "longitude": -1.894186, "latitude": 38.9225639}, {"identifier": 2029556637, "longitude": -1.8815813, "latitude": 38.9415778}, {"identifier": 2029556652, "longitude": -1.8833431, "latitude": 38.9374226}, {"identifier": 2029556667, "longitude": -1.8857057, "latitude": 38.9426044}, {"identifier": 2029556669, "longitude": -1.8815716, "latitude": 38.941393}, {"identifier": 2029556673, "longitude": -1.8799612, "latitude": 38.9408899}, {"identifier": 2029556680, "longitude": -1.8813309, "latitude": 38.9414689}, {"identifier": 2029556688, "longitude": -1.8813917, "latitude": 38.9413924}, {"identifier": 2029556694, "longitude": -1.8814436, "latitude": 38.9413735}, {"identifier": 2029556698, "longitude": -1.8823875, "latitude": 38.9394265}, {"identifier": 2029556700, "longitude": -1.8816204, "latitude": 38.9414464}, {"identifier": 2161030013, "longitude": -1.887131, "latitude": 38.9387562}, {"identifier": 2163186254, "longitude": -1.8830485, "latitude": 38.94201}, {"identifier": 2163186255, "longitude": -1.8843574, "latitude": 38.9423848}, {"identifier": 3312586169, "longitude": -1.8786642, "latitude": 38.9444362}, {"identifier": 3329799631, "longitude": -1.8845133, "latitude": 38.9468063}, {"identifier": 3350035494, "longitude": -1.8806783, "latitude": 38.9450363}, {"identifier": 3350046476, "longitude": -1.8816572, "latitude": 38.94547}, {"identifier": 4221333157, "longitude": -1.8800446, "latitude": 38.9560283}, {"identifier": 4221333159, "longitude": -1.8797234, "latitude": 38.9559756}, {"identifier": 4221333160, "longitude": -1.8796589, "latitude": 38.9559968}, {"identifier": 4221333164, "longitude": -1.8794588, "latitude": 38.956273}, {"identifier": 4221333347, "longitude": -1.8794628, "latitude": 38.9562106}, {"identifier": 4221333362, "longitude": -1.8801778, "latitude": 38.9539174}, {"identifier": 4221333375, "longitude": -1.8804956, "latitude": 38.9561788}, {"identifier": 4221333382, "longitude": -1.8801237, "latitude": 38.9561022}, {"identifier": 4221333605, "longitude": -1.8850383, "latitude": 38.9472045}, {"identifier": 4221333612, "longitude": -1.8852365, "latitude": 38.946865}, {"identifier": 4221333616, "longitude": -1.8849278, "latitude": 38.9467432}, {"identifier": 4221333617, "longitude": -1.8847638, "latitude": 38.9468139}, {"identifier": 4221333620, "longitude": -1.8846775, "latitude": 38.9469768}, {"identifier": 4221333621, "longitude": -1.8846998, "latitude": 38.9470717}, {"identifier": 4223750734, "longitude": -1.8915452, "latitude": 38.938607}, {"identifier": 4224076569, "longitude": -1.8845419, "latitude": 38.9367233}, {"identifier": 4224196989, "longitude": -1.8872919, "latitude": 38.9386155}, {"identifier": 4224196990, "longitude": -1.8875323, "latitude": 38.9383529}, {"identifier": 4224196992, "longitude": -1.8873891, "latitude": 38.9387774}, {"identifier": 4224197002, "longitude": -1.887789, "latitude": 38.9388095}, {"identifier": 4224197016, "longitude": -1.8874564, "latitude": 38.9390675}, {"identifier": 4224197021, "longitude": -1.8879117, "latitude": 38.9379334}, {"identifier": 5062292862, "longitude": -1.8793789, "latitude": 38.9558874}, {"identifier": 5582955024, "longitude": -1.8882144, "latitude": 38.936362}, {"identifier": 5582955033, "longitude": -1.8888715, "latitude": 38.9365238}, {"identifier": 5582955035, "longitude": -1.8888432, "latitude": 38.9363442}, {"identifier": 5582955060, "longitude": -1.8847495, "latitude": 38.9365759}, {"identifier": 5582955061, "longitude": -1.8920526, "latitude": 38.9385677}, {"identifier": 5582955074, "longitude": -1.8884852, "latitude": 38.9361985}, {"identifier": 5582955075, "longitude": -1.8882887, "latitude": 38.93665}, {"identifier": 5582955079, "longitude": -1.8883516, "latitude": 38.9369068}, {"identifier": 5582955082, "longitude": -1.8886976, "latitude": 38.936702}, {"identifier": 7350762710, "longitude": -1.8971422, "latitude": 38.9503048}, {"identifier": 7350762713, "longitude": -1.8958945, "latitude": 38.9498147}, {"identifier": 7350762714, "longitude": -1.8966853, "latitude": 38.9494067}, {"identifier": 7350762715, "longitude": -1.8968357, "latitude": 38.9491708}, {"identifier": 7350762741, "longitude": -1.8973339, "latitude": 38.9499894}, {"identifier": 7350762742, "longitude": -1.8981723, "latitude": 38.9503317}, {"identifier": 7350762745, "longitude": -1.8980932, "latitude": 38.9496247}, {"identifier": 7350762746, "longitude": -1.8980203, "latitude": 38.9505895}, {"identifier": 8707729146, "longitude": -1.8878885, "latitude": 38.9384638}, {"identifier": 8707729149, "longitude": -1.8879258, "latitude": 38.938658}], "segments": [{"origin": 354901073, "destination": 1845137733, "distance": 41.902, "speed": 90}, {"origin": 354901073, "destination": 4224197016, "distance": 356.514, "speed": 80}, {"origin": 527785411, "destination": 1845137761, "distance": 48.086, "speed": 30}, {"origin": 527785420, "destination": 1845137739, "distance": 89.53999999999999, "speed": 30}, {"origin": 1534988662, "destination": 1773309883, "distance": 17.684, "speed": 90}, {"origin": 1534988662, "destination": 7350762713, "distance": 404.264, "speed": 50}, {"origin": 1534988808, "destination": 1788442048, "distance": 111.185, "speed": 90}, {"origin": 1534988808, "destination": 1788442049, "distance": 219.17000000000002, "speed": 50}, {"origin": 1534988808, "destination": 1773309963, "distance": 762.287, "speed": 90}, {"origin": 1539997530, "destination": 1539997581, "distance": 99.172, "speed": 40}, {"origin": 1539997530, "destination": 1788442052, "distance": 330.997, "speed": 40}, {"origin": 1539997550, "destination": 2163186254, "distance": 11.228, "speed": 40}, {"origin": 1539997550, "destination": 1788442041, "distance": 238.805, "speed": 40}, {"origin": 1539997550, "destination": 2029556700, "distance": 137.703, "speed": 40}, {"origin": 1539997553, "destination": 1788442041, "distance": 139.314, "speed": 40}, {"origin": 1539997553, "destination": 1539997575, "distance": 236.931, "speed": 40}, {"origin": 1539997553, "destination": 2029556698, "distance": 13.821, "speed": 30}, {"origin": 1539997554, "destination": 1788442043, "distance": 220.897, "speed": 40}, {"origin": 1539997554, "destination": 2029556698, "distance": 140.928, "speed": 30}, {"origin": 1539997554, "destination": 2029556652, "distance": 376.46500000000003, "speed": 40}, {"origin": 1539997573, "destination": 1788442052, "distance": 234.295, "speed": 40}, {"origin": 1539997573, "destination": 1539997574, "distance": 124.398, "speed": 40}, {"origin": 1539997573, "destination": 2161030013, "distance": 94.886, "speed": 40}, {"origin": 1539997574, "destination": 1539997575, "distance": 139.409, "speed": 40}, {"origin": 1539997574, "destination": 1788442041, "distance": 237.864, "speed": 40}, {"origin": 1539997574, "destination": 1539997573, "distance": 124.398, "speed": 40}, {"origin": 1539997575, "destination": 1539997574, "distance": 139.409, "speed": 40}, {"origin": 1539997575, "destination": 2029556652, "distance": 12.653, "speed": 30}, {"origin": 1539997581, "destination": 1788442052, "distance": 239.458, "speed": 40}, {"origin": 1539997581, "destination": 2163186255, "distance": 11.818, "speed": 40}, {"origin": 1539997581, "destination": 1539997550, "distance": 120.625, "speed": 40}, {"origin": 1545924486, "destination": 1545924491, "distance": 36.405, "speed": 20}, {"origin": 1545924486, "destination": 1557019711, "distance": 216.846, "speed": 20}, {"origin": 1545924486, "destination": 1557019859, "distance": 33.229, "speed": 20}, {"origin": 1545924491, "destination": 1545924499, "distance": 66.55600000000001, "speed": 20}, {"origin": 1545924491, "destination": 1545924486, "distance": 36.405, "speed": 20}, {"origin": 1545924491, "destination": 1557019859, "distance": 22.91, "speed": 20}, {"origin": 1545924499, "destination": 1545924491, "distance": 66.55600000000001, "speed": 20}, {"origin": 1545924551, "destination": 1545924656, "distance": 164.95800000000003, "speed": 20}, {"origin": 1545924598, "destination": 1557019854, "distance": 3.706, "speed": 20}, {"origin": 1545924598, "destination": 1545924655, "distance": 64.32300000000001, "speed": 20}, {"origin": 1545924598, "destination": 1545924648, "distance": 42.437, "speed": 20}, {"origin": 1545924613, "destination": 1545924618, "distance": 56.943, "speed": 20}, {"origin": 1545924613, "destination": 1557019970, "distance": 29.549999999999997, "speed": 20}, {"origin": 1545924613, "destination": 1557019966, "distance": 39.727000000000004, "speed": 20}, {"origin": 1545924618, "destination": 1545924613, "distance": 56.943, "speed": 20}, {"origin": 1545924638, "destination": 1557019723, "distance": 7.201, "speed": 20}, {"origin": 1545924638, "destination": 1961392144, "distance": 39.766, "speed": 20}, {"origin": 1545924638, "destination": 1545924648, "distance": 216.307, "speed": 20}, {"origin": 1545924648, "destination": 1545924655, "distance": 58.998000000000005, "speed": 20}, {"origin": 1545924648, "destination": 1545924638, "distance": 216.307, "speed": 20}, {"origin": 1545924648, "destination": 1545924598, "distance": 42.437, "speed": 20}, {"origin": 1545924655, "destination": 1545924656, "distance": 21.623, "speed": 20}, {"origin": 1545924655, "destination": 1545924598, "distance": 64.32300000000001, "speed": 20}, {"origin": 1545924655, "destination": 1545924648, "distance": 58.998000000000005, "speed": 20}, {"origin": 1545924656, "destination": 1545924655, "distance": 21.623, "speed": 20}, {"origin": 1545924656, "destination": 1545924551, "distance": 164.958, "speed": 20}, {"origin": 1545924656, "destination": 1557019711, "distance": 38.905, "speed": 20}, {"origin": 1545924763, "destination": 1557019715, "distance": 139.549, "speed": 20}, {"origin": 1545924810, "destination": 1961392153, "distance": 111.507, "speed": 20}, {"origin": 1545924810, "destination": 1557019966, "distance": 201.20399999999998, "speed": 20}, {"origin": 1545924810, "destination": 1557019984, "distance": 498.41600000000005, "speed": 20}, {"origin": 1545924893, "destination": 1674790575, "distance": 62.28, "speed": 20}, {"origin": 1545924893, "destination": 1961392144, "distance": 18.105, "speed": 20}, {"origin": 1545924893, "destination": 1674790612, "distance": 63.476, "speed": 20}, {"origin": 1545924991, "destination": 1557019849, "distance": 532.133, "speed": 20}, {"origin": 1545924991, "destination": 1557019849, "distance": 34.265, "speed": 20}, {"origin": 1545924991, "destination": 1557019860, "distance": 226.744, "speed": 20}, {"origin": 1545925001, "destination": 1557019791, "distance": 110.70500000000001, "speed": 20}, {"origin": 1545925035, "destination": 1961392157, "distance": 160.376, "speed": 20}, {"origin": 1545925035, "destination": 1557019791, "distance": 83.762, "speed": 20}, {"origin": 1545925035, "destination": 1557019723, "distance": 54.969, "speed": 20}, {"origin": 1545925035, "destination": 1961392144, "distance": 59.190000000000005, "speed": 20}, {"origin": 1557019711, "destination": 1545924486, "distance": 216.846, "speed": 20}, {"origin": 1557019711, "destination": 1868903672, "distance": 60.606, "speed": 20}, {"origin": 1557019711, "destination": 1545924656, "distance": 38.905, "speed": 20}, {"origin": 1557019711, "destination": 1557019970, "distance": 114.998, "speed": 20}, {"origin": 1557019715, "destination": 1557019984, "distance": 35.156, "speed": 20}, {"origin": 1557019715, "destination": 1545924763, "distance": 139.549, "speed": 20}, {"origin": 1557019715, "destination": 1557019823, "distance": 23.904, "speed": 20}, {"origin": 1557019723, "destination": 1545924638, "distance": 7.201, "speed": 20}, {"origin": 1557019723, "destination": 1961392153, "distance": 140.578, "speed": 20}, {"origin": 1557019723, "destination": 1545925035, "distance": 54.969, "speed": 20}, {"origin": 1557019785, "destination": 1557019970, "distance": 4.837, "speed": 20}, {"origin": 1557019785, "destination": 1557019854, "distance": 52.428, "speed": 20}, {"origin": 1557019785, "destination": 1557019966, "distance": 43.77700000000001, "speed": 20}, {"origin": 1557019791, "destination": 1545925035, "distance": 83.762, "speed": 20}, {"origin": 1557019791, "destination": 1557019860, "distance": 17.001, "speed": 20}, {"origin": 1557019791, "destination": 1545925001, "distance": 110.70500000000001, "speed": 20}, {"origin": 1557019823, "destination": 1557019859, "distance": 17.501, "speed": 20}, {"origin": 1557019823, "destination": 1557019984, "distance": 35.287, "speed": 20}, {"origin": 1557019823, "destination": 1557019715, "distance": 23.904, "speed": 20}, {"origin": 1557019849, "destination": 1961392157, "distance": 106.04599999999999, "speed": 20}, {"origin": 1557019849, "destination": 1545924991, "distance": 532.133, "speed": 20}, {"origin": 1557019849, "destination": 1545924991, "distance": 34.265, "speed": 20}, {"origin": 1557019854, "destination": 1545924598, "distance": 3.706, "speed": 20}, {"origin": 1557019854, "destination": 1961392153, "distance": 209.073, "speed": 20}, {"origin": 1557019854, "destination": 1557019785, "distance": 52.428000000000004, "speed": 20}, {"origin": 1557019859, "destination": 1557019823, "distance": 17.501, "speed": 20}, {"origin": 1557019859, "destination": 1545924486, "distance": 33.229, "speed": 20}, {"origin": 1557019859, "destination": 1545924491, "distance": 22.909999999999997, "speed": 20}, {"origin": 1557019860, "destination": 1545924991, "distance": 226.74399999999997, "speed": 20}, {"origin": 1557019860, "destination": 1557019791, "distance": 17.001, "speed": 20}, {"origin": 1557019966, "destination": 1545924810, "distance": 201.204, "speed": 20}, {"origin": 1557019966, "destination": 1557019785, "distance": 43.777, "speed": 20}, {"origin": 1557019966, "destination": 1545924613, "distance": 39.727000000000004, "speed": 20}, {"origin": 1557019970, "destination": 1557019785, "distance": 4.837, "speed": 20}, {"origin": 1557019970, "destination": 1545924613, "distance": 29.549999999999997, "speed": 20}, {"origin": 1557019970, "destination": 1557019711, "distance": 114.998, "speed": 20}, {"origin": 1557019984, "destination": 1557019715, "distance": 35.156, "speed": 20}, {"origin": 1557019984, "destination": 1545924810, "distance": 498.41599999999994, "speed": 20}, {"origin": 1557019984, "destination": 1557019823, "distance": 35.287, "speed": 20}, {"origin": 1563381063, "destination": 1961392157, "distance": 181.667, "speed": 20}, {"origin": 1563381063, "destination": 1563381063, "distance": 69.531, "speed": 20}, {"origin": 1563381063, "destination": 1563381063, "distance": 69.531, "speed": 20}, {"origin": 1613139711, "destination": 1868903672, "distance": 1276.303, "speed": 80}, {"origin": 1613139711, "destination": 5582955074, "distance": 32.183, "speed": 90}, {"origin": 1647008957, "destination": 1773309883, "distance": 92.18199999999999, "speed": 30}, {"origin": 1647008957, "destination": 1773310036, "distance": 151.96699999999998, "speed": 30}, {"origin": 1647008957, "destination": 1773309855, "distance": 374.111, "speed": 30}, {"origin": 1647008994, "destination": 1773309786, "distance": 75.487, "speed": 30}, {"origin": 1647008998, "destination": 1788442048, "distance": 85.104, "speed": 30}, {"origin": 1674790575, "destination": 1545924893, "distance": 62.28, "speed": 20}, {"origin": 1674790575, "destination": 1674790612, "distance": 63.679, "speed": 60}, {"origin": 1674790612, "destination": 1674790575, "distance": 63.679, "speed": 60}, {"origin": 1674790612, "destination": 1545924893, "distance": 63.476, "speed": 20}, {"origin": 1674790612, "destination": 1868903672, "distance": 320.601, "speed": 60}, {"origin": 1773309786, "destination": 1773309883, "distance": 59.022, "speed": 90}, {"origin": 1773309786, "destination": 1788442048, "distance": 115.073, "speed": 90}, {"origin": 1773309786, "destination": 1647008994, "distance": 75.487, "speed": 30}, {"origin": 1773309855, "destination": 1647008957, "distance": 374.111, "speed": 30}, {"origin": 1773309883, "destination": 1534988662, "distance": 17.684, "speed": 90}, {"origin": 1773309883, "destination": 1773309786, "distance": 59.022, "speed": 90}, {"origin": 1773309883, "destination": 1647008957, "distance": 92.182, "speed": 30}, {"origin": 1773309963, "destination": 1534988808, "distance": 762.2869999999999, "speed": 90}, {"origin": 1773309963, "destination": 4221333375, "distance": 265.94199999999995, "speed": 90}, {"origin": 1773310036, "destination": 1647008957, "distance": 151.96699999999998, "speed": 30}, {"origin": 1788442041, "destination": 1539997553, "distance": 139.314, "speed": 40}, {"origin": 1788442041, "destination": 1788442052, "distance": 120.798, "speed": 40}, {"origin": 1788442041, "destination": 1539997574, "distance": 237.864, "speed": 40}, {"origin": 1788442041, "destination": 1539997550, "distance": 238.805, "speed": 40}, {"origin": 1788442043, "destination": 1539997554, "distance": 220.897, "speed": 40}, {"origin": 1788442043, "destination": 2029556673, "distance": 5.569, "speed": 40}, {"origin": 1788442043, "destination": 2029556673, "distance": 686.998, "speed": 40}, {"origin": 1788442048, "destination": 1647008998, "distance": 85.104, "speed": 30}, {"origin": 1788442048, "destination": 1773309786, "distance": 115.073, "speed": 90}, {"origin": 1788442048, "destination": 1534988808, "distance": 111.185, "speed": 90}, {"origin": 1788442049, "destination": 1534988808, "distance": 219.17000000000002, "speed": 50}, {"origin": 1788442052, "destination": 1788442041, "distance": 120.798, "speed": 40}, {"origin": 1788442052, "destination": 1539997581, "distance": 239.458, "speed": 40}, {"origin": 1788442052, "destination": 1539997573, "distance": 234.295, "speed": 40}, {"origin": 1788442052, "destination": 1539997530, "distance": 330.997, "speed": 40}, {"origin": 1845137733, "destination": 2029556667, "distance": 32.107, "speed": 30}, {"origin": 1845137739, "destination": 1845137733, "distance": 31.191000000000003, "speed": 30}, {"origin": 1845137739, "destination": 354901073, "distance": 43.71, "speed": 90}, {"origin": 1845137761, "destination": 527785420, "distance": 32.864000000000004, "speed": 30}, {"origin": 1845137761, "destination": 4221333616, "distance": 418.38800000000003, "speed": 70}, {"origin": 1868903672, "destination": 1557019711, "distance": 60.606, "speed": 20}, {"origin": 1868903672, "destination": 1613139711, "distance": 1276.3029999999999, "speed": 80}, {"origin": 1868903672, "destination": 1674790612, "distance": 320.601, "speed": 60}, {"origin": 1961392144, "destination": 1545924638, "distance": 39.766, "speed": 20}, {"origin": 1961392144, "destination": 1545924893, "distance": 18.105, "speed": 20}, {"origin": 1961392144, "destination": 1545925035, "distance": 59.19, "speed": 20}, {"origin": 1961392153, "destination": 1961392157, "distance": 59.012, "speed": 20}, {"origin": 1961392153, "destination": 1557019854, "distance": 209.073, "speed": 20}, {"origin": 1961392153, "destination": 1545924810, "distance": 111.507, "speed": 20}, {"origin": 1961392153, "destination": 1557019723, "distance": 140.578, "speed": 20}, {"origin": 1961392157, "destination": 1961392153, "distance": 59.012, "speed": 20}, {"origin": 1961392157, "destination": 1545925035, "distance": 160.376, "speed": 20}, {"origin": 1961392157, "destination": 1557019849, "distance": 106.04599999999999, "speed": 20}, {"origin": 1961392157, "destination": 1563381063, "distance": 181.667, "speed": 20}, {"origin": 2029556637, "destination": 2029556700, "distance": 16.036, "speed": 30}, {"origin": 2029556637, "destination": 2163186254, "distance": 135.70600000000002, "speed": 40}, {"origin": 2029556652, "destination": 2029556698, "distance": 237.658, "speed": 40}, {"origin": 2029556652, "destination": 1539997575, "distance": 12.653, "speed": 30}, {"origin": 2029556652, "destination": 1539997554, "distance": 376.46500000000003, "speed": 40}, {"origin": 2029556667, "destination": 1539997530, "distance": 19.574, "speed": 40}, {"origin": 2029556667, "destination": 527785411, "distance": 22.743, "speed": 30}, {"origin": 2029556669, "destination": 1539997553, "distance": 230.33800000000002, "speed": 40}, {"origin": 2029556669, "destination": 2029556694, "distance": 11.562999999999999, "speed": 30}, {"origin": 2029556673, "destination": 1788442043, "distance": 5.569, "speed": 40}, {"origin": 2029556673, "destination": 2029556680, "distance": 134.84, "speed": 40}, {"origin": 2029556680, "destination": 2029556637, "distance": 32.087, "speed": 30}, {"origin": 2029556688, "destination": 1788442043, "distance": 137.233, "speed": 40}, {"origin": 2029556688, "destination": 2029556680, "distance": 10.19, "speed": 30}, {"origin": 2029556694, "destination": 2029556688, "distance": 4.956, "speed": 30}, {"origin": 2029556698, "destination": 1539997554, "distance": 140.928, "speed": 30}, {"origin": 2029556698, "destination": 1539997553, "distance": 13.821, "speed": 30}, {"origin": 2029556698, "destination": 2029556694, "distance": 231.77200000000002, "speed": 40}, {"origin": 2029556700, "destination": 2029556669, "distance": 7.401999999999999, "speed": 30}, {"origin": 2161030013, "destination": 1539997573, "distance": 94.88600000000001, "speed": 40}, {"origin": 2163186254, "destination": 2163186255, "distance": 120.629, "speed": 40}, {"origin": 2163186254, "destination": 1539997550, "distance": 11.228, "speed": 40}, {"origin": 2163186255, "destination": 1539997581, "distance": 11.818, "speed": 40}, {"origin": 2163186255, "destination": 527785411, "distance": 118.893, "speed": 40}, {"origin": 3312586169, "destination": 3350035494, "distance": 192.75500000000002, "speed": 30}, {"origin": 3329799631, "destination": 3350046476, "distance": 288.262, "speed": 30}, {"origin": 3329799631, "destination": 4221333620, "distance": 24.491, "speed": 30}, {"origin": 3350035494, "destination": 3350046476, "distance": 97.432, "speed": 30}, {"origin": 3350035494, "destination": 3350046476, "distance": 241.66299999999998, "speed": 30}, {"origin": 3350035494, "destination": 3312586169, "distance": 192.755, "speed": 30}, {"origin": 3350046476, "destination": 3329799631, "distance": 288.262, "speed": 30}, {"origin": 3350046476, "destination": 3350035494, "distance": 97.432, "speed": 30}, {"origin": 3350046476, "destination": 3350035494, "distance": 241.663, "speed": 30}, {"origin": 4221333157, "destination": 4221333159, "distance": 29.330999999999996, "speed": 30}, {"origin": 4221333157, "destination": 4221333605, "distance": 1085.176, "speed": 70}, {"origin": 4221333159, "destination": 4221333160, "distance": 6.055, "speed": 30}, {"origin": 4221333160, "destination": 4221333347, "distance": 30.464, "speed": 30}, {"origin": 4221333160, "destination": 5062292862, "distance": 28.574999999999996, "speed": 30}, {"origin": 4221333347, "destination": 4221333164, "distance": 6.947, "speed": 30}, {"origin": 4221333362, "destination": 5062292862, "distance": 248.30200000000002, "speed": 30}, {"origin": 4221333375, "destination": 4221333382, "distance": 34.951, "speed": 30}, {"origin": 4221333375, "destination": 1773309963, "distance": 265.942, "speed": 90}, {"origin": 4221333382, "destination": 4221333157, "distance": 10.699, "speed": 30}, {"origin": 4221333605, "destination": 4221333612, "distance": 48.659, "speed": 30}, {"origin": 4221333612, "destination": 4221333616, "distance": 31.689, "speed": 30}, {"origin": 4221333612, "destination": 527785420, "distance": 423.09499999999997, "speed": 70}, {"origin": 4221333616, "destination": 4221333617, "distance": 16.39, "speed": 30}, {"origin": 4221333617, "destination": 4221333620, "distance": 20.003, "speed": 30}, {"origin": 4221333617, "destination": 3329799631, "distance": 22.171, "speed": 30}, {"origin": 4221333620, "destination": 4221333621, "distance": 10.780999999999999, "speed": 30}, {"origin": 4221333621, "destination": 4221333605, "distance": 35.303, "speed": 30}, {"origin": 4221333621, "destination": 4221333159, "distance": 1085.364, "speed": 70}, {"origin": 4224076569, "destination": 4224196989, "distance": 325.59799999999996, "speed": 50}, {"origin": 4224076569, "destination": 4223750734, "distance": 640.943, "speed": 120}, {"origin": 4224196989, "destination": 4224196992, "distance": 20.262, "speed": 90}, {"origin": 4224196990, "destination": 4224196989, "distance": 38.699, "speed": 90}, {"origin": 4224196992, "destination": 4224197002, "distance": 37.392, "speed": 90}, {"origin": 4224196992, "destination": 4224197016, "distance": 33.218999999999994, "speed": 90}, {"origin": 4224197002, "destination": 8707729149, "distance": 21.119999999999997, "speed": 90}, {"origin": 4224197016, "destination": 4224197002, "distance": 41.168, "speed": 90}, {"origin": 4224197016, "destination": 354901073, "distance": 356.514, "speed": 80}, {"origin": 4224197021, "destination": 5582955079, "distance": 120.327, "speed": 80}, {"origin": 4224197021, "destination": 4224196990, "distance": 58.769000000000005, "speed": 90}, {"origin": 5062292862, "destination": 4221333347, "distance": 36.832, "speed": 30}, {"origin": 5062292862, "destination": 4221333362, "distance": 248.302, "speed": 30}, {"origin": 5582955024, "destination": 5582955075, "distance": 34.622, "speed": 90}, {"origin": 5582955024, "destination": 5582955060, "distance": 309.054, "speed": 50}, {"origin": 5582955033, "destination": 5582955035, "distance": 20.421, "speed": 90}, {"origin": 5582955035, "destination": 5582955074, "distance": 37.161, "speed": 90}, {"origin": 5582955035, "destination": 1613139711, "distance": 35.948, "speed": 90}, {"origin": 5582955061, "destination": 5582955033, "distance": 368.28200000000004, "speed": 50}, {"origin": 5582955061, "destination": 5582955060, "distance": 669.357, "speed": 120}, {"origin": 5582955074, "destination": 5582955024, "distance": 30.929000000000002, "speed": 90}, {"origin": 5582955075, "destination": 5582955082, "distance": 38.554, "speed": 90}, {"origin": 5582955075, "destination": 5582955079, "distance": 29.305, "speed": 90}, {"origin": 5582955079, "destination": 4224197021, "distance": 120.327, "speed": 80}, {"origin": 5582955079, "destination": 5582955082, "distance": 38.029, "speed": 90}, {"origin": 5582955082, "destination": 5582955033, "distance": 25.57, "speed": 90}, {"origin": 7350762710, "destination": 7350762713, "distance": 120.878, "speed": 50}, {"origin": 7350762710, "destination": 7350762741, "distance": 38.791, "speed": 30}, {"origin": 7350762713, "destination": 7350762710, "distance": 120.878, "speed": 50}, {"origin": 7350762713, "destination": 1534988662, "distance": 404.264, "speed": 50}, {"origin": 7350762713, "destination": 7350762714, "distance": 113.755, "speed": 30}, {"origin": 7350762714, "destination": 7350762715, "distance": 29.278, "speed": 30}, {"origin": 7350762714, "destination": 7350762713, "distance": 113.755, "speed": 30}, {"origin": 7350762714, "destination": 7350762741, "distance": 110.87, "speed": 30}, {"origin": 7350762715, "destination": 7350762714, "distance": 29.278, "speed": 30}, {"origin": 7350762741, "destination": 7350762710, "distance": 38.791, "speed": 30}, {"origin": 7350762741, "destination": 7350762742, "distance": 81.885, "speed": 30}, {"origin": 7350762741, "destination": 7350762714, "distance": 110.87, "speed": 30}, {"origin": 7350762742, "destination": 7350762741, "distance": 81.885, "speed": 30}, {"origin": 7350762742, "destination": 7350762746, "distance": 31.536, "speed": 30}, {"origin": 7350762742, "destination": 7350762745, "distance": 91.99900000000001, "speed": 30}, {"origin": 7350762745, "destination": 7350762742, "distance": 91.999, "speed": 30}, {"origin": 7350762746, "destination": 7350762742, "distance": 31.536, "speed": 30}, {"origin": 8707729146, "destination": 4224196990, "distance": 35.546, "speed": 90}, {"origin": 8707729146, "destination": 4224197021, "distance": 60.05799999999999, "speed": 90}, {"origin": 8707729149, "destination": 4223750734, "distance": 328.171, "speed": 50}, {"origin": 8707729149, "destination": 8707729146, "distance": 22.561, "speed": 90}]}