{"address": "Camino de Alto los Chorlitos, Albacete", "distance": 2000, "initial": 1569182994, "final": 1647002111, "intersections": [{"identifier": 342459619, "longitude": -1.9290626, "latitude": 38.9678249}, {"identifier": 344859497, "longitude": -1.9022676, "latitude": 38.9782347}, {"identifier": 344861881, "longitude": -1.9261798, "latitude": 38.9678514}, {"identifier": 344863325, "longitude": -1.9273754, "latitude": 38.9689677}, {"identifier": 344907347, "longitude": -1.9294081, "latitude": 38.9669219}, {"identifier": 1429086695, "longitude": -1.8979392, "latitude": 38.966116}, {"identifier": 1516365132, "longitude": -1.9089327, "latitude": 38.9747029}, {"identifier": 1516365146, "longitude": -1.9064101, "latitude": 38.9802947}, {"identifier": 1528823067, "longitude": -1.8943948, "latitude": 38.9830306}, {"identifier": 1534536946, "longitude": -1.89589, "latitude": 38.970809}, {"identifier": 1534537007, "longitude": -1.8973657, "latitude": 38.9737781}, {"identifier": 1534537009, "longitude": -1.8954402, "latitude": 38.9685008}, {"identifier": 1534537014, "longitude": -1.8956634, "latitude": 38.9696333}, {"identifier": 1534537094, "longitude": -1.9008609, "latitude": 38.9706289}, {"identifier": 1534537113, "longitude": -1.8841829, "latitude": 38.9834984}, {"identifier": 1534537179, "longitude": -1.8956685, "latitude": 38.9696561}, {"identifier": 1534989228, "longitude": -1.8941279, "latitude": 38.9754807}, {"identifier": 1535021272, "longitude": -1.9103937, "latitude": 38.9829725}, {"identifier": 1535021371, "longitude": -1.9081652, "latitude": 38.979587}, {"identifier": 1535021514, "longitude": -1.9112944, "latitude": 38.9748442}, {"identifier": 1535219693, "longitude": -1.9112534, "latitude": 38.9737664}, {"identifier": 1535219742, "longitude": -1.9077248, "latitude": 38.963215}, {"identifier": 1537057927, "longitude": -1.9014398, "latitude": 38.9744802}, {"identifier": 1537057955, "longitude": -1.9016739, "latitude": 38.9775791}, {"identifier": 1537057958, "longitude": -1.9014558, "latitude": 38.9786808}, {"identifier": 1537057965, "longitude": -1.8999913, "latitude": 38.9776433}, {"identifier": 1537057979, "longitude": -1.901874, "latitude": 38.9759597}, {"identifier": 1537058001, "longitude": -1.9016578, "latitude": 38.9752297}, {"identifier": 1537103689, "longitude": -1.9027561, "latitude": 38.9831683}, {"identifier": 1537103739, "longitude": -1.9029385, "latitude": 38.9818756}, {"identifier": 1537103853, "longitude": -1.8997211, "latitude": 38.981751}, {"identifier": 1537103858, "longitude": -1.9042206, "latitude": 38.9820382}, {"identifier": 1537103898, "longitude": -1.9026863, "latitude": 38.9810121}, {"identifier": 1537103977, "longitude": -1.9057173, "latitude": 38.9837217}, {"identifier": 1537103992, "longitude": -1.9023055, "latitude": 38.9830432}, {"identifier": 1537104021, "longitude": -1.9040737, "latitude": 38.9816563}, {"identifier": 1537104027, "longitude": -1.9028523, "latitude": 38.979692}, {"identifier": 1537104037, "longitude": -1.9043555, "latitude": 38.980744}, {"identifier": 1537104079, "longitude": -1.8998358, "latitude": 38.9826268}, {"identifier": 1537104173, "longitude": -1.9016242, "latitude": 38.9831724}, {"identifier": 1537104233, "longitude": -1.8993064, "latitude": 38.9798194}, {"identifier": 1537104246, "longitude": -1.903652, "latitude": 38.982155}, {"identifier": 1537104308, "longitude": -1.9035166, "latitude": 38.9817632}, {"identifier": 1537104339, "longitude": -1.9030565, "latitude": 38.9822634}, {"identifier": 1545718220, "longitude": -1.8896849, "latitude": 38.9696828}, {"identifier": 1545913495, "longitude": -1.9257644, "latitude": 38.9759733}, {"identifier": 1545913520, "longitude": -1.9237065, "latitude": 38.975375}, {"identifier": 1551603668, "longitude": -1.9077184, "latitude": 38.9766501}, {"identifier": 1551603672, "longitude": -1.9077748, "latitude": 38.9780565}, {"identifier": 1551656326, "longitude": -1.8983839, "latitude": 38.9820448}, {"identifier": 1551656333, "longitude": -1.8971656, "latitude": 38.9822884}, {"identifier": 1560680525, "longitude": -1.896186, "latitude": 38.9814891}, {"identifier": 1560680561, "longitude": -1.9186521, "latitude": 38.9708346}, {"identifier": 1566079009, "longitude": -1.9014211, "latitude": 38.9743876}, {"identifier": 1566079017, "longitude": -1.9002731, "latitude": 38.9760933}, {"identifier": 1566079027, "longitude": -1.900094, "latitude": 38.9769088}, {"identifier": 1566079031, "longitude": -1.9004985, "latitude": 38.9745544}, {"identifier": 1566079035, "longitude": -1.9002946, "latitude": 38.9753134}, {"identifier": 1566089587, "longitude": -1.9017911, "latitude": 38.9837297}, {"identifier": 1566089589, "longitude": -1.9007778, "latitude": 38.9832548}, {"identifier": 1569182994, "longitude": -1.9018669, "latitude": 38.9768209}, {"identifier": 1569209140, "longitude": -1.8944423, "latitude": 38.9726187}, {"identifier": 1569209141, "longitude": -1.8964663, "latitude": 38.9734263}, {"identifier": 1569312254, "longitude": -1.9020511, "latitude": 38.9811264}, {"identifier": 1587239638, "longitude": -1.9185631, "latitude": 38.9704957}, {"identifier": 1587239651, "longitude": -1.9178202, "latitude": 38.9674873}, {"identifier": 1603945188, "longitude": -1.8927054, "latitude": 38.9719218}, {"identifier": 1603945190, "longitude": -1.8922703, "latitude": 38.9717495}, {"identifier": 1603945191, "longitude": -1.8930951, "latitude": 38.9714379}, {"identifier": 1603945205, "longitude": -1.8931263, "latitude": 38.9706998}, {"identifier": 1603945210, "longitude": -1.8935484, "latitude": 38.9708686}, {"identifier": 1603945214, "longitude": -1.8940232, "latitude": 38.9703035}, {"identifier": 1603945223, "longitude": -1.8937944, "latitude": 38.9698805}, {"identifier": 1603945225, "longitude": -1.8935917, "latitude": 38.9701291}, {"identifier": 1647001332, "longitude": -1.9249283, "latitude": 38.9517255}, {"identifier": 1647001984, "longitude": -1.9289169, "latitude": 38.951685}, {"identifier": 1647001996, "longitude": -1.9275962, "latitude": 38.9526166}, {"identifier": 1647002111, "longitude": -1.9290813, "latitude": 38.9564293}, {"identifier": 1647002113, "longitude": -1.9270306, "latitude": 38.9560436}, {"identifier": 1647007634, "longitude": -1.9200166, "latitude": 38.9678754}, {"identifier": 1733469667, "longitude": -1.8986602, "latitude": 38.9660291}, {"identifier": 1733469709, "longitude": -1.9010335, "latitude": 38.9682871}, {"identifier": 1733470041, "longitude": -1.8947447, "latitude": 38.9640849}, {"identifier": 1733470299, "longitude": -1.8941835, "latitude": 38.9646782}, {"identifier": 1733470460, "longitude": -1.9000585, "latitude": 38.9659495}, {"identifier": 1733496468, "longitude": -1.9279948, "latitude": 38.9533055}, {"identifier": 1733496474, "longitude": -1.917345, "latitude": 38.9689563}, {"identifier": 1733496488, "longitude": -1.9154255, "latitude": 38.9721074}, {"identifier": 1733496512, "longitude": -1.9185315, "latitude": 38.9703852}, {"identifier": 1733496520, "longitude": -1.9273996, "latitude": 38.9538785}, {"identifier": 1733496538, "longitude": -1.917404, "latitude": 38.9682639}, {"identifier": 1733496554, "longitude": -1.9182341, "latitude": 38.9682385}, {"identifier": 1733496560, "longitude": -1.9183451, "latitude": 38.9689714}, {"identifier": 1733496612, "longitude": -1.9238238, "latitude": 38.9668613}, {"identifier": 1733496625, "longitude": -1.9281714, "latitude": 38.9531355}, {"identifier": 1733496659, "longitude": -1.9173771, "latitude": 38.9704578}, {"identifier": 1733496692, "longitude": -1.9266972, "latitude": 38.9532759}, {"identifier": 1733496750, "longitude": -1.9259003, "latitude": 38.9558305}, {"identifier": 1734548733, "longitude": -1.9278819, "latitude": 38.9731855}, {"identifier": 1734548735, "longitude": -1.9290961, "latitude": 38.9735247}, {"identifier": 1736047790, "longitude": -1.904661, "latitude": 38.9815373}, {"identifier": 1736047793, "longitude": -1.8931678, "latitude": 38.9835296}, {"identifier": 1736047795, "longitude": -1.9000276, "latitude": 38.9794373}, {"identifier": 1837752455, "longitude": -1.9012248, "latitude": 38.9812899}, {"identifier": 1837752533, "longitude": -1.9033099, "latitude": 38.9808788}, {"identifier": 1845567236, "longitude": -1.9082859, "latitude": 38.9658706}, {"identifier": 1845567317, "longitude": -1.8959051, "latitude": 38.9826425}, {"identifier": 1913991621, "longitude": -1.9234063, "latitude": 38.968927}, {"identifier": 1913991646, "longitude": -1.9220575, "latitude": 38.9694862}, {"identifier": 1954979521, "longitude": -1.9256101, "latitude": 38.9563997}, {"identifier": 1954979522, "longitude": -1.9257434, "latitude": 38.9567485}, {"identifier": 1954979528, "longitude": -1.9258885, "latitude": 38.9566296}, {"identifier": 1954979538, "longitude": -1.9260925, "latitude": 38.9565249}, {"identifier": 1954979552, "longitude": -1.9251915, "latitude": 38.9563762}, {"identifier": 1954979569, "longitude": -1.9249573, "latitude": 38.9546009}, {"identifier": 1954979570, "longitude": -1.9257837, "latitude": 38.956192}, {"identifier": 1954979571, "longitude": -1.9256038, "latitude": 38.9551579}, {"identifier": 1954979580, "longitude": -1.9254603, "latitude": 38.9564912}, {"identifier": 1954979591, "longitude": -1.9255226, "latitude": 38.9567223}, {"identifier": 1954979595, "longitude": -1.9255542, "latitude": 38.9569283}, {"identifier": 1954979597, "longitude": -1.9258314, "latitude": 38.9564494}, {"identifier": 1955201392, "longitude": -1.9257989, "latitude": 38.9539576}, {"identifier": 1955584539, "longitude": -1.9297866, "latitude": 38.9572126}, {"identifier": 1958868498, "longitude": -1.928981, "latitude": 38.9521894}, {"identifier": 1958868526, "longitude": -1.9287516, "latitude": 38.9524316}, {"identifier": 1958868548, "longitude": -1.928668, "latitude": 38.9526494}, {"identifier": 1958868552, "longitude": -1.9290919, "latitude": 38.9525164}, {"identifier": 1958868556, "longitude": -1.9288051, "latitude": 38.95224}, {"identifier": 1958868559, "longitude": -1.9291797, "latitude": 38.952303}, {"identifier": 1958868583, "longitude": -1.9284882, "latitude": 38.9519676}, {"identifier": 1958868617, "longitude": -1.9292516, "latitude": 38.9520854}, {"identifier": 2006871999, "longitude": -1.9142327, "latitude": 38.9835788}, {"identifier": 2006872018, "longitude": -1.9150587, "latitude": 38.9826723}, {"identifier": 2006872078, "longitude": -1.9132823, "latitude": 38.9834218}, {"identifier": 2006872082, "longitude": -1.913605, "latitude": 38.9817549}, {"identifier": 2006872098, "longitude": -1.9145223, "latitude": 38.9820239}, {"identifier": 2012872958, "longitude": -1.8939025, "latitude": 38.9832461}, {"identifier": 2021463841, "longitude": -1.9057921, "latitude": 38.9804966}, {"identifier": 2021463844, "longitude": -1.9059992, "latitude": 38.9810172}, {"identifier": 2021463849, "longitude": -1.909537, "latitude": 38.9755644}, {"identifier": 2180131307, "longitude": -1.9168913, "latitude": 38.9695154}, {"identifier": 2180131327, "longitude": -1.9183781, "latitude": 38.9695613}, {"identifier": 2180941266, "longitude": -1.8935371, "latitude": 38.9722347}, {"identifier": 2180941374, "longitude": -1.8927895, "latitude": 38.9739883}, {"identifier": 2180941616, "longitude": -1.8913457, "latitude": 38.9742667}, {"identifier": 2180941734, "longitude": -1.8942983, "latitude": 38.9725612}, {"identifier": 2710628831, "longitude": -1.8952465, "latitude": 38.9757405}, {"identifier": 2710628843, "longitude": -1.8951415, "latitude": 38.9784371}, {"identifier": 2710628851, "longitude": -1.8970329, "latitude": 38.9789308}, {"identifier": 2710628860, "longitude": -1.8954364, "latitude": 38.9793015}, {"identifier": 2710628868, "longitude": -1.8943212, "latitude": 38.9755258}, {"identifier": 2710628871, "longitude": -1.894458, "latitude": 38.9759157}, {"identifier": 2710628886, "longitude": -1.8971026, "latitude": 38.979573}, {"identifier": 2710628922, "longitude": -1.8954262, "latitude": 38.9765475}, {"identifier": 2710628945, "longitude": -1.8945641, "latitude": 38.9767447}, {"identifier": 2710628969, "longitude": -1.896137, "latitude": 38.9782093}, {"identifier": 2857895948, "longitude": -1.8990096, "latitude": 38.9819229}, {"identifier": 3073982884, "longitude": -1.8956445, "latitude": 38.9799115}, {"identifier": 3619283333, "longitude": -1.8864391, "latitude": 38.9827969}, {"identifier": 4557516304, "longitude": -1.9264675, "latitude": 38.9514107}, {"identifier": 5446305856, "longitude": -1.9289181, "latitude": 38.952542}, {"identifier": 5446305882, "longitude": -1.925849, "latitude": 38.9564683}, {"identifier": 5582955314, "longitude": -1.9249165, "latitude": 38.968201}, {"identifier": 6009837280, "longitude": -1.9284289, "latitude": 38.9520108}, {"identifier": 6009837281, "longitude": -1.9280339, "latitude": 38.9516471}, {"identifier": 8443929123, "longitude": -1.9297343, "latitude": 38.9675754}, {"identifier": 8459138377, "longitude": -1.9226573, "latitude": 38.9697353}, {"identifier": 8493864100, "longitude": -1.9225499, "latitude": 38.9695552}, {"identifier": 8493864104, "longitude": -1.9229168, "latitude": 38.9694896}, {"identifier": 8493864107, "longitude": -1.9230665, "latitude": 38.9692995}, {"identifier": 8493864112, "longitude": -1.9228499, "latitude": 38.9689368}, {"identifier": 8493876119, "longitude": -1.9222214, "latitude": 38.96919}, {"identifier": 8493876123, "longitude": -1.9223764, "latitude": 38.969489}, {"identifier": 8493876126, "longitude": -1.9231358, "latitude": 38.9695175}, {"identifier": 8493876129, "longitude": -1.9230458, "latitude": 38.9693477}, {"identifier": 8493876135, "longitude": -1.9228093, "latitude": 38.9695372}, {"identifier": 8493876145, "longitude": -1.9225025, "latitude": 38.9685472}, {"identifier": 8493876146, "longitude": -1.9227807, "latitude": 38.9689169}, {"identifier": 8493876149, "longitude": -1.9225263, "latitude": 38.9683333}, {"identifier": 8673752663, "longitude": -1.9297352, "latitude": 38.9677464}, {"identifier": 8729120008, "longitude": -1.9252561, "latitude": 38.9682123}, {"identifier": 8757571425, "longitude": -1.9223748, "latitude": 38.9689763}, {"identifier": 8757571427, "longitude": -1.9225585, "latitude": 38.9706676}, {"identifier": 9503910580, "longitude": -1.8916715, "latitude": 38.9739845}, {"identifier": 9503925087, "longitude": -1.893547, "latitude": 38.972239}, {"identifier": 9590177619, "longitude": -1.9004189, "latitude": 38.9649308}, {"identifier": 9630348447, "longitude": -1.8986193, "latitude": 38.9751877}, {"identifier": 9630348450, "longitude": -1.8997353, "latitude": 38.9752641}, {"identifier": 11229779438, "longitude": -1.9050946, "latitude": 38.9827699}, {"identifier": 11229779441, "longitude": -1.9102784, "latitude": 38.9835792}, {"identifier": 11389952798, "longitude": -1.8897664, "latitude": 38.9696134}, {"identifier": 11398189617, "longitude": -1.9169153, "latitude": 38.9638271}, {"identifier": 11404296427, "longitude": -1.9225135, "latitude": 38.9684487}, {"identifier": 11404296430, "longitude": -1.9227437, "latitude": 38.968634}], "segments": [{"origin": 342459619, "destination": 344861881, "distance": 253.052, "speed": 100}, {"origin": 342459619, "destination": 8673752663, "distance": 59.142, "speed": 100}, {"origin": 344859497, "destination": 1537057958, "distance": 85.935, "speed": 50}, {"origin": 344859497, "destination": 1534537094, "distance": 863.081, "speed": 20}, {"origin": 344859497, "destination": 1537104027, "distance": 170.012, "speed": 20}, {"origin": 344859497, "destination": 1516365132, "distance": 697.283, "speed": 50}, {"origin": 344861881, "destination": 8729120008, "distance": 89.374, "speed": 80}, {"origin": 344861881, "destination": 342459619, "distance": 253.052, "speed": 100}, {"origin": 344907347, "destination": 344863325, "distance": 287.933, "speed": 120}, {"origin": 344907347, "destination": 344861881, "distance": 316.601, "speed": 80}, {"origin": 1429086695, "destination": 1733469667, "distance": 63.239000000000004, "speed": 20}, {"origin": 1516365132, "destination": 2021463849, "distance": 110.07999999999998, "speed": 30}, {"origin": 1516365132, "destination": 1535219693, "distance": 226.04700000000003, "speed": 50}, {"origin": 1516365132, "destination": 344859497, "distance": 697.283, "speed": 50}, {"origin": 1516365146, "destination": 2021463841, "distance": 57.945, "speed": 20}, {"origin": 1516365146, "destination": 1535021371, "distance": 171.065, "speed": 20}, {"origin": 1516365146, "destination": 1535021272, "distance": 539.971, "speed": 30}, {"origin": 1516365146, "destination": 1551603668, "distance": 496.84099999999995, "speed": 30}, {"origin": 1528823067, "destination": 2012872958, "distance": 48.835, "speed": 20}, {"origin": 1534536946, "destination": 1534537179, "distance": 129.619, "speed": 20}, {"origin": 1534536946, "destination": 1569209141, "distance": 295.336, "speed": 20}, {"origin": 1534537007, "destination": 1569209141, "distance": 87.037, "speed": 20}, {"origin": 1534537007, "destination": 1733469709, "distance": 691.554, "speed": 20}, {"origin": 1534537007, "destination": 1534989228, "distance": 339.19000000000005, "speed": 20}, {"origin": 1534537007, "destination": 9630348447, "distance": 207.995, "speed": 20}, {"origin": 1534537009, "destination": 1534537014, "distance": 127.398, "speed": 20}, {"origin": 1534537009, "destination": 1733470299, "distance": 447.18399999999997, "speed": 20}, {"origin": 1534537014, "destination": 1534537009, "distance": 127.398, "speed": 20}, {"origin": 1534537014, "destination": 1534537009, "distance": 284.916, "speed": 20}, {"origin": 1534537014, "destination": 1534537179, "distance": 2.573, "speed": 20}, {"origin": 1534537094, "destination": 344859497, "distance": 863.081, "speed": 20}, {"origin": 1534537113, "destination": 3619283333, "distance": 211.152, "speed": 20}, {"origin": 1534537179, "destination": 1534537014, "distance": 2.573, "speed": 20}, {"origin": 1534537179, "destination": 1534536946, "distance": 129.619, "speed": 20}, {"origin": 1534989228, "destination": 1534537007, "distance": 339.19, "speed": 20}, {"origin": 1534989228, "destination": 3619283333, "distance": 1069.934, "speed": 20}, {"origin": 1534989228, "destination": 9503910580, "distance": 269.776, "speed": 50}, {"origin": 1535021272, "destination": 11229779441, "distance": 68.238, "speed": 30}, {"origin": 1535021272, "destination": 1516365146, "distance": 539.9709999999999, "speed": 30}, {"origin": 1535021272, "destination": 2006872078, "distance": 254.65200000000002, "speed": 30}, {"origin": 1535021371, "destination": 1516365146, "distance": 171.065, "speed": 20}, {"origin": 1535021514, "destination": 2021463849, "distance": 173.903, "speed": 30}, {"origin": 1535219693, "destination": 1845567236, "distance": 1089.977, "speed": 50}, {"origin": 1535219693, "destination": 1733496488, "distance": 405.118, "speed": 50}, {"origin": 1535219693, "destination": 1516365132, "distance": 226.047, "speed": 50}, {"origin": 1535219742, "destination": 1733469709, "distance": 836.125, "speed": 20}, {"origin": 1537057927, "destination": 1566079009, "distance": 10.423, "speed": 20}, {"origin": 1537057927, "destination": 1537058001, "distance": 85.445, "speed": 20}, {"origin": 1537057927, "destination": 1566079031, "distance": 81.789, "speed": 20}, {"origin": 1537057955, "destination": 1569182994, "distance": 85.943, "speed": 20}, {"origin": 1537057955, "destination": 1537057965, "distance": 145.623, "speed": 20}, {"origin": 1537057955, "destination": 1537057958, "distance": 124.40400000000001, "speed": 20}, {"origin": 1537057958, "destination": 344859497, "distance": 85.935, "speed": 50}, {"origin": 1537057958, "destination": 1736047795, "distance": 149.389, "speed": 50}, {"origin": 1537057958, "destination": 1537057955, "distance": 124.404, "speed": 20}, {"origin": 1537057965, "destination": 1537057955, "distance": 145.623, "speed": 20}, {"origin": 1537057979, "destination": 1537058001, "distance": 83.296, "speed": 20}, {"origin": 1537057979, "destination": 1566079017, "distance": 139.183, "speed": 20}, {"origin": 1537057979, "destination": 1569182994, "distance": 97.693, "speed": 20}, {"origin": 1537058001, "destination": 1537057927, "distance": 85.445, "speed": 20}, {"origin": 1537058001, "destination": 1537057979, "distance": 83.296, "speed": 20}, {"origin": 1537058001, "destination": 1566079035, "distance": 118.209, "speed": 20}, {"origin": 1537103689, "destination": 1537103992, "distance": 46.666000000000004, "speed": 20}, {"origin": 1537103689, "destination": 1537103992, "distance": 53.08200000000001, "speed": 20}, {"origin": 1537103689, "destination": 11229779438, "distance": 210.11399999999998, "speed": 20}, {"origin": 1537103739, "destination": 1537103898, "distance": 98.461, "speed": 20}, {"origin": 1537103739, "destination": 1537104339, "distance": 44.311, "speed": 20}, {"origin": 1537103739, "destination": 1537104308, "distance": 51.509, "speed": 20}, {"origin": 1537103739, "destination": 1537104079, "distance": 282.53299999999996, "speed": 20}, {"origin": 1537103853, "destination": 2857895948, "distance": 64.402, "speed": 20}, {"origin": 1537103853, "destination": 1537104079, "distance": 97.888, "speed": 20}, {"origin": 1537103853, "destination": 1837752455, "distance": 140.385, "speed": 20}, {"origin": 1537103858, "destination": 1537104021, "distance": 44.323, "speed": 20}, {"origin": 1537103898, "destination": 1569312254, "distance": 56.357, "speed": 20}, {"origin": 1537103898, "destination": 1837752533, "distance": 55.904, "speed": 20}, {"origin": 1537103898, "destination": 1537103739, "distance": 98.461, "speed": 20}, {"origin": 1537103977, "destination": 11229779438, "distance": 119.696, "speed": 20}, {"origin": 1537103992, "destination": 1537104173, "distance": 60.652, "speed": 20}, {"origin": 1537103992, "destination": 1537103689, "distance": 46.666000000000004, "speed": 20}, {"origin": 1537103992, "destination": 1537103689, "distance": 53.082, "speed": 20}, {"origin": 1537104021, "destination": 1537103858, "distance": 44.323, "speed": 20}, {"origin": 1537104021, "destination": 1736047790, "distance": 52.461, "speed": 20}, {"origin": 1537104021, "destination": 1537104308, "distance": 49.6, "speed": 20}, {"origin": 1537104027, "destination": 344859497, "distance": 170.012, "speed": 20}, {"origin": 1537104027, "destination": 1837752533, "distance": 138.81, "speed": 20}, {"origin": 1537104027, "destination": 1736047795, "distance": 245.80700000000002, "speed": 20}, {"origin": 1537104037, "destination": 1837752533, "distance": 92.03899999999999, "speed": 20}, {"origin": 1537104037, "destination": 2021463841, "distance": 127.236, "speed": 20}, {"origin": 1537104037, "destination": 1736047790, "distance": 92.109, "speed": 20}, {"origin": 1537104079, "destination": 1537103853, "distance": 97.888, "speed": 20}, {"origin": 1537104079, "destination": 1537103739, "distance": 282.533, "speed": 20}, {"origin": 1537104173, "destination": 1566089589, "distance": 73.73, "speed": 20}, {"origin": 1537104173, "destination": 1566089587, "distance": 63.626, "speed": 30}, {"origin": 1537104173, "destination": 1537103992, "distance": 60.652, "speed": 20}, {"origin": 1537104233, "destination": 1736047795, "distance": 75.442, "speed": 50}, {"origin": 1537104233, "destination": 9630348447, "distance": 528.602, "speed": 20}, {"origin": 1537104233, "destination": 2857895948, "distance": 235.60500000000002, "speed": 20}, {"origin": 1537104233, "destination": 1560680525, "distance": 327.449, "speed": 50}, {"origin": 1537104246, "destination": 1537104308, "distance": 45.111, "speed": 20}, {"origin": 1537104308, "destination": 1537104246, "distance": 45.111, "speed": 20}, {"origin": 1537104308, "destination": 1537103739, "distance": 51.509, "speed": 20}, {"origin": 1537104308, "destination": 1537104021, "distance": 49.6, "speed": 20}, {"origin": 1537104339, "destination": 1537103739, "distance": 44.311, "speed": 20}, {"origin": 1545718220, "destination": 11389952798, "distance": 10.45, "speed": 20}, {"origin": 1545718220, "destination": 1603945190, "distance": 321.16, "speed": 20}, {"origin": 1545913495, "destination": 1734548735, "distance": 396.588, "speed": 30}, {"origin": 1545913520, "destination": 1734548733, "distance": 435.382, "speed": 30}, {"origin": 1551603668, "destination": 1516365146, "distance": 496.841, "speed": 30}, {"origin": 1551603668, "destination": 2021463849, "distance": 199.158, "speed": 30}, {"origin": 1551603668, "destination": 1551603672, "distance": 157.507, "speed": 20}, {"origin": 1551603672, "destination": 1551603668, "distance": 157.507, "speed": 20}, {"origin": 1551656326, "destination": 1551656333, "distance": 108.734, "speed": 20}, {"origin": 1551656326, "destination": 1551656333, "distance": 407.591, "speed": 20}, {"origin": 1551656333, "destination": 1845567317, "distance": 115.849, "speed": 20}, {"origin": 1551656333, "destination": 1551656326, "distance": 407.591, "speed": 20}, {"origin": 1560680525, "destination": 3073982884, "distance": 181.559, "speed": 20}, {"origin": 1560680525, "destination": 1537104233, "distance": 327.449, "speed": 50}, {"origin": 1560680561, "destination": 1587239638, "distance": 38.462, "speed": 30}, {"origin": 1560680561, "destination": 1913991646, "distance": 330.393, "speed": 50}, {"origin": 1560680561, "destination": 1733496488, "distance": 312.791, "speed": 50}, {"origin": 1566079009, "destination": 1537057927, "distance": 10.423, "speed": 20}, {"origin": 1566079017, "destination": 1537057979, "distance": 139.183, "speed": 20}, {"origin": 1566079027, "destination": 1569182994, "distance": 153.566, "speed": 20}, {"origin": 1566079031, "destination": 1537057927, "distance": 81.789, "speed": 20}, {"origin": 1566079035, "destination": 1537058001, "distance": 118.209, "speed": 20}, {"origin": 1566089587, "destination": 1537104173, "distance": 63.626, "speed": 30}, {"origin": 1566089589, "destination": 1537104173, "distance": 73.73, "speed": 20}, {"origin": 1569182994, "destination": 1537057955, "distance": 85.943, "speed": 20}, {"origin": 1569182994, "destination": 1566079027, "distance": 153.566, "speed": 20}, {"origin": 1569182994, "destination": 1537057979, "distance": 97.693, "speed": 20}, {"origin": 1569209140, "destination": 2180941734, "distance": 13.995, "speed": 20}, {"origin": 1569209140, "destination": 1534536946, "distance": 236.975, "speed": 20}, {"origin": 1569209140, "destination": 1569209141, "distance": 196.719, "speed": 20}, {"origin": 1569209141, "destination": 1534537007, "distance": 87.037, "speed": 20}, {"origin": 1569209141, "destination": 1534536946, "distance": 295.336, "speed": 20}, {"origin": 1569209141, "destination": 1569209140, "distance": 196.719, "speed": 20}, {"origin": 1569312254, "destination": 1837752455, "distance": 73.701, "speed": 20}, {"origin": 1569312254, "destination": 1537103898, "distance": 56.357, "speed": 20}, {"origin": 1587239638, "destination": 1733496512, "distance": 12.587, "speed": 30}, {"origin": 1587239638, "destination": 1560680561, "distance": 38.462, "speed": 30}, {"origin": 1587239638, "destination": 1647007634, "distance": 320.5799999999999, "speed": 30}, {"origin": 1587239651, "destination": 1733496554, "distance": 92.869, "speed": 30}, {"origin": 1603945188, "destination": 1603945191, "distance": 63.484, "speed": 20}, {"origin": 1603945188, "destination": 1603945190, "distance": 42.234, "speed": 20}, {"origin": 1603945188, "destination": 2180941266, "distance": 79.885, "speed": 20}, {"origin": 1603945190, "destination": 1603945205, "distance": 138.203, "speed": 20}, {"origin": 1603945190, "destination": 1545718220, "distance": 321.15999999999997, "speed": 20}, {"origin": 1603945190, "destination": 1603945188, "distance": 42.234, "speed": 20}, {"origin": 1603945191, "destination": 1603945188, "distance": 63.484, "speed": 20}, {"origin": 1603945205, "destination": 1603945210, "distance": 41.035, "speed": 20}, {"origin": 1603945205, "destination": 1603945190, "distance": 138.203, "speed": 20}, {"origin": 1603945205, "destination": 1603945225, "distance": 75.139, "speed": 20}, {"origin": 1603945210, "destination": 1603945205, "distance": 41.035, "speed": 20}, {"origin": 1603945214, "destination": 1603945225, "distance": 42.043, "speed": 20}, {"origin": 1603945223, "destination": 1603945225, "distance": 32.73, "speed": 20}, {"origin": 1603945225, "destination": 1603945214, "distance": 42.043, "speed": 20}, {"origin": 1603945225, "destination": 1603945205, "distance": 75.139, "speed": 20}, {"origin": 1603945225, "destination": 1603945223, "distance": 32.73, "speed": 20}, {"origin": 1647001332, "destination": 1733496692, "distance": 230.50400000000002, "speed": 30}, {"origin": 1647001984, "destination": 1958868583, "distance": 49.521, "speed": 30}, {"origin": 1647001996, "destination": 1733496692, "distance": 106.854, "speed": 30}, {"origin": 1647001996, "destination": 1733496625, "distance": 76.178, "speed": 30}, {"origin": 1647001996, "destination": 6009837280, "distance": 98.603, "speed": 30}, {"origin": 1647001996, "destination": 4557516304, "distance": 169.652, "speed": 30}, {"origin": 1647002111, "destination": 1647002113, "distance": 182.534, "speed": 30}, {"origin": 1647002111, "destination": 1647002113, "distance": 264.72200000000004, "speed": 30}, {"origin": 1647002111, "destination": 1955584539, "distance": 135.31199999999998, "speed": 30}, {"origin": 1647002113, "destination": 1647002111, "distance": 182.534, "speed": 30}, {"origin": 1647002113, "destination": 1647002111, "distance": 264.722, "speed": 30}, {"origin": 1647002113, "destination": 1733496750, "distance": 100.58800000000001, "speed": 30}, {"origin": 1647007634, "destination": 1587239638, "distance": 320.58, "speed": 30}, {"origin": 1733469667, "destination": 1733470041, "distance": 401.66499999999996, "speed": 20}, {"origin": 1733469667, "destination": 1733470460, "distance": 121.438, "speed": 20}, {"origin": 1733469667, "destination": 1429086695, "distance": 63.239000000000004, "speed": 20}, {"origin": 1733469709, "destination": 1535219742, "distance": 836.125, "speed": 20}, {"origin": 1733469709, "destination": 1534537007, "distance": 691.554, "speed": 20}, {"origin": 1733469709, "destination": 1733470460, "distance": 284.14300000000003, "speed": 50}, {"origin": 1733470041, "destination": 1733469667, "distance": 401.66499999999996, "speed": 20}, {"origin": 1733470299, "destination": 1534537009, "distance": 447.184, "speed": 20}, {"origin": 1733470460, "destination": 1733469709, "distance": 284.14300000000003, "speed": 50}, {"origin": 1733470460, "destination": 9590177619, "distance": 117.913, "speed": 50}, {"origin": 1733470460, "destination": 1733469667, "distance": 121.43800000000002, "speed": 20}, {"origin": 1733496468, "destination": 1733496625, "distance": 24.301, "speed": 90}, {"origin": 1733496468, "destination": 1733496520, "distance": 81.905, "speed": 90}, {"origin": 1733496474, "destination": 1733496560, "distance": 86.478, "speed": 30}, {"origin": 1733496488, "destination": 11398189617, "distance": 966.9910000000002, "speed": 50}, {"origin": 1733496488, "destination": 1560680561, "distance": 312.791, "speed": 50}, {"origin": 1733496488, "destination": 1535219693, "distance": 405.118, "speed": 50}, {"origin": 1733496512, "destination": 1587239638, "distance": 12.587, "speed": 30}, {"origin": 1733496512, "destination": 1733496659, "distance": 100.125, "speed": 30}, {"origin": 1733496512, "destination": 2180131327, "distance": 92.992, "speed": 30}, {"origin": 1733496520, "destination": 1733496468, "distance": 81.905, "speed": 90}, {"origin": 1733496520, "destination": 1733496692, "distance": 90.437, "speed": 30}, {"origin": 1733496520, "destination": 1733496750, "distance": 256.782, "speed": 90}, {"origin": 1733496538, "destination": 1733496554, "distance": 71.821, "speed": 30}, {"origin": 1733496554, "destination": 1733496538, "distance": 71.821, "speed": 30}, {"origin": 1733496554, "destination": 1587239651, "distance": 92.869, "speed": 30}, {"origin": 1733496554, "destination": 1733496560, "distance": 82.08500000000001, "speed": 30}, {"origin": 1733496560, "destination": 1733496474, "distance": 86.478, "speed": 30}, {"origin": 1733496560, "destination": 1733496554, "distance": 82.085, "speed": 30}, {"origin": 1733496560, "destination": 2180131327, "distance": 65.768, "speed": 30}, {"origin": 1733496612, "destination": 5582955314, "distance": 176.42, "speed": 30}, {"origin": 1733496625, "destination": 1958868548, "distance": 69.034, "speed": 90}, {"origin": 1733496625, "destination": 1733496468, "distance": 24.301, "speed": 90}, {"origin": 1733496625, "destination": 1647001996, "distance": 76.178, "speed": 30}, {"origin": 1733496659, "destination": 1733496512, "distance": 100.125, "speed": 30}, {"origin": 1733496692, "destination": 1647001996, "distance": 106.854, "speed": 30}, {"origin": 1733496692, "destination": 1733496520, "distance": 90.437, "speed": 30}, {"origin": 1733496692, "destination": 1955201392, "distance": 108.545, "speed": 30}, {"origin": 1733496692, "destination": 1647001332, "distance": 230.504, "speed": 30}, {"origin": 1733496750, "destination": 1954979570, "distance": 41.442, "speed": 90}, {"origin": 1733496750, "destination": 1647002113, "distance": 100.58800000000001, "speed": 30}, {"origin": 1733496750, "destination": 1733496520, "distance": 256.782, "speed": 90}, {"origin": 1734548733, "destination": 1545913520, "distance": 435.382, "speed": 30}, {"origin": 1734548733, "destination": 1734548735, "distance": 112.845, "speed": 30}, {"origin": 1734548733, "destination": 8493876126, "distance": 634.05, "speed": 30}, {"origin": 1734548735, "destination": 1545913495, "distance": 396.58799999999997, "speed": 30}, {"origin": 1734548735, "destination": 1734548733, "distance": 112.845, "speed": 30}, {"origin": 1736047790, "destination": 1537104021, "distance": 52.461, "speed": 20}, {"origin": 1736047790, "destination": 11229779438, "distance": 142.19899999999998, "speed": 20}, {"origin": 1736047790, "destination": 1537104037, "distance": 92.109, "speed": 20}, {"origin": 1736047795, "destination": 1537057958, "distance": 149.389, "speed": 50}, {"origin": 1736047795, "destination": 1537104233, "distance": 75.442, "speed": 50}, {"origin": 1736047795, "destination": 1537104027, "distance": 245.80700000000002, "speed": 20}, {"origin": 1837752455, "destination": 1569312254, "distance": 73.701, "speed": 20}, {"origin": 1837752455, "destination": 1569312254, "distance": 157.35700000000003, "speed": 20}, {"origin": 1837752455, "destination": 1537103853, "distance": 140.385, "speed": 20}, {"origin": 1837752533, "destination": 1537103898, "distance": 55.904, "speed": 20}, {"origin": 1837752533, "destination": 1537104037, "distance": 92.039, "speed": 20}, {"origin": 1837752533, "destination": 1537104027, "distance": 138.81, "speed": 20}, {"origin": 1845567236, "destination": 1535219693, "distance": 1089.9769999999999, "speed": 50}, {"origin": 1845567317, "destination": 1528823067, "distance": 137.95999999999998, "speed": 20}, {"origin": 1913991621, "destination": 8493864112, "distance": 49.233, "speed": 80}, {"origin": 1913991621, "destination": 8729120008, "distance": 178.58100000000002, "speed": 80}, {"origin": 1913991646, "destination": 1560680561, "distance": 330.39300000000003, "speed": 50}, {"origin": 1913991646, "destination": 8493876123, "distance": 27.961, "speed": 50}, {"origin": 1954979521, "destination": 1954979580, "distance": 17.016000000000002, "speed": 90}, {"origin": 1954979522, "destination": 1954979528, "distance": 18.82, "speed": 90}, {"origin": 1954979528, "destination": 5446305882, "distance": 19.096, "speed": 90}, {"origin": 1954979528, "destination": 1954979538, "distance": 21.748, "speed": 30}, {"origin": 1954979538, "destination": 1955584539, "distance": 328.80899999999997, "speed": 30}, {"origin": 1954979538, "destination": 5446305882, "distance": 22.275, "speed": 30}, {"origin": 1954979552, "destination": 1954979569, "distance": 267.087, "speed": 30}, {"origin": 1954979552, "destination": 1954979580, "distance": 26.528, "speed": 30}, {"origin": 1954979552, "destination": 1954979571, "distance": 140.223, "speed": 30}, {"origin": 1954979569, "destination": 1954979571, "distance": 83.433, "speed": 30}, {"origin": 1954979569, "destination": 1955201392, "distance": 102.04599999999999, "speed": 30}, {"origin": 1954979569, "destination": 1955201392, "distance": 352.62199999999996, "speed": 30}, {"origin": 1954979569, "destination": 1954979552, "distance": 267.087, "speed": 30}, {"origin": 1954979570, "destination": 1733496750, "distance": 41.442, "speed": 90}, {"origin": 1954979570, "destination": 1954979521, "distance": 28.572000000000003, "speed": 90}, {"origin": 1954979571, "destination": 1954979569, "distance": 83.433, "speed": 30}, {"origin": 1954979571, "destination": 1954979552, "distance": 140.223, "speed": 30}, {"origin": 1954979571, "destination": 1955201392, "distance": 160.58100000000002, "speed": 30}, {"origin": 1954979580, "destination": 1954979591, "distance": 28.620000000000005, "speed": 90}, {"origin": 1954979580, "destination": 1954979552, "distance": 26.528, "speed": 30}, {"origin": 1954979591, "destination": 1954979522, "distance": 20.076, "speed": 90}, {"origin": 1954979591, "destination": 1954979595, "distance": 23.441000000000003, "speed": 90}, {"origin": 1954979595, "destination": 8493876149, "distance": 1301.898, "speed": 90}, {"origin": 1954979595, "destination": 1954979522, "distance": 26.574999999999996, "speed": 90}, {"origin": 1954979597, "destination": 1954979521, "distance": 20.755, "speed": 90}, {"origin": 1954979597, "destination": 1954979570, "distance": 29.997, "speed": 90}, {"origin": 1955201392, "destination": 1733496692, "distance": 108.545, "speed": 30}, {"origin": 1955201392, "destination": 1954979569, "distance": 102.04599999999999, "speed": 30}, {"origin": 1955201392, "destination": 1954979569, "distance": 352.622, "speed": 30}, {"origin": 1955201392, "destination": 1954979571, "distance": 160.581, "speed": 30}, {"origin": 1955584539, "destination": 1954979538, "distance": 328.80899999999997, "speed": 30}, {"origin": 1955584539, "destination": 1647002111, "distance": 135.312, "speed": 30}, {"origin": 1958868498, "destination": 1958868556, "distance": 16.678, "speed": 90}, {"origin": 1958868526, "destination": 5446305856, "distance": 19.686, "speed": 90}, {"origin": 1958868526, "destination": 1958868548, "distance": 25.743, "speed": 90}, {"origin": 1958868548, "destination": 1733496625, "distance": 69.034, "speed": 90}, {"origin": 1958868548, "destination": 5446305856, "distance": 25.311, "speed": 90}, {"origin": 1958868552, "destination": 1958868559, "distance": 26.85, "speed": 90}, {"origin": 1958868556, "destination": 1958868526, "distance": 23.025, "speed": 90}, {"origin": 1958868556, "destination": 1958868583, "distance": 40.846000000000004, "speed": 30}, {"origin": 1958868559, "destination": 1958868498, "distance": 22.437, "speed": 90}, {"origin": 1958868559, "destination": 1958868617, "distance": 25.647, "speed": 90}, {"origin": 1958868583, "destination": 6009837280, "distance": 7.026, "speed": 30}, {"origin": 1958868583, "destination": 1958868556, "distance": 40.846000000000004, "speed": 30}, {"origin": 1958868583, "destination": 1647001984, "distance": 49.521, "speed": 30}, {"origin": 1958868617, "destination": 1958868498, "distance": 26.907, "speed": 90}, {"origin": 2006871999, "destination": 2006872078, "distance": 83.982, "speed": 30}, {"origin": 2006871999, "destination": 2006872098, "distance": 174.7, "speed": 30}, {"origin": 2006871999, "destination": 2006872018, "distance": 152.15099999999998, "speed": 30}, {"origin": 2006872018, "destination": 2006871999, "distance": 152.151, "speed": 30}, {"origin": 2006872078, "destination": 2006871999, "distance": 83.982, "speed": 30}, {"origin": 2006872078, "destination": 2006872082, "distance": 187.438, "speed": 30}, {"origin": 2006872078, "destination": 1535021272, "distance": 254.65200000000002, "speed": 30}, {"origin": 2006872082, "destination": 2006872078, "distance": 187.438, "speed": 30}, {"origin": 2006872098, "destination": 2006871999, "distance": 174.7, "speed": 30}, {"origin": 2012872958, "destination": 1736047793, "distance": 70.898, "speed": 20}, {"origin": 2021463841, "destination": 1516365146, "distance": 57.945, "speed": 20}, {"origin": 2021463841, "destination": 2021463844, "distance": 60.593, "speed": 30}, {"origin": 2021463841, "destination": 1537104037, "distance": 127.236, "speed": 20}, {"origin": 2021463844, "destination": 2021463841, "distance": 60.593, "speed": 30}, {"origin": 2021463849, "destination": 1551603668, "distance": 199.158, "speed": 30}, {"origin": 2021463849, "destination": 1516365132, "distance": 110.08, "speed": 30}, {"origin": 2021463849, "destination": 1535021514, "distance": 173.903, "speed": 30}, {"origin": 2180131307, "destination": 2180131327, "distance": 128.638, "speed": 30}, {"origin": 2180131327, "destination": 2180131307, "distance": 128.638, "speed": 30}, {"origin": 2180131327, "destination": 1733496560, "distance": 65.768, "speed": 30}, {"origin": 2180131327, "destination": 1733496512, "distance": 92.99199999999999, "speed": 30}, {"origin": 2180941266, "destination": 9503925087, "distance": 0.98, "speed": 20}, {"origin": 2180941266, "destination": 9503910580, "distance": 252.72, "speed": 30}, {"origin": 2180941266, "destination": 1603945188, "distance": 79.88499999999999, "speed": 20}, {"origin": 2180941374, "destination": 2180941734, "distance": 205.412, "speed": 30}, {"origin": 2180941616, "destination": 9503910580, "distance": 42.165, "speed": 30}, {"origin": 2180941734, "destination": 9503925087, "distance": 74.175, "speed": 20}, {"origin": 2180941734, "destination": 1569209140, "distance": 13.995, "speed": 20}, {"origin": 2180941734, "destination": 2180941374, "distance": 205.412, "speed": 30}, {"origin": 2710628831, "destination": 2710628871, "distance": 70.891, "speed": 20}, {"origin": 2710628843, "destination": 2710628860, "distance": 99.44, "speed": 20}, {"origin": 2710628843, "destination": 2710628969, "distance": 89.703, "speed": 20}, {"origin": 2710628843, "destination": 2710628945, "distance": 194.69299999999998, "speed": 20}, {"origin": 2710628851, "destination": 2710628860, "distance": 144.026, "speed": 20}, {"origin": 2710628860, "destination": 3073982884, "distance": 70.174, "speed": 20}, {"origin": 2710628860, "destination": 2710628843, "distance": 99.44, "speed": 20}, {"origin": 2710628860, "destination": 2710628851, "distance": 144.026, "speed": 20}, {"origin": 2710628868, "destination": 2710628871, "distance": 44.939, "speed": 20}, {"origin": 2710628871, "destination": 2710628868, "distance": 44.939, "speed": 20}, {"origin": 2710628871, "destination": 2710628831, "distance": 70.891, "speed": 20}, {"origin": 2710628871, "destination": 2710628945, "distance": 102.81200000000001, "speed": 20}, {"origin": 2710628886, "destination": 3073982884, "distance": 131.55200000000002, "speed": 20}, {"origin": 2710628922, "destination": 2710628945, "distance": 77.682, "speed": 20}, {"origin": 2710628945, "destination": 2710628922, "distance": 77.682, "speed": 20}, {"origin": 2710628945, "destination": 2710628843, "distance": 194.69299999999998, "speed": 20}, {"origin": 2710628945, "destination": 2710628871, "distance": 102.81200000000001, "speed": 20}, {"origin": 2710628969, "destination": 2710628843, "distance": 89.703, "speed": 20}, {"origin": 2857895948, "destination": 1537103853, "distance": 64.402, "speed": 20}, {"origin": 2857895948, "destination": 1551656326, "distance": 55.756, "speed": 20}, {"origin": 2857895948, "destination": 1537104233, "distance": 235.60500000000002, "speed": 20}, {"origin": 3073982884, "destination": 2710628860, "distance": 70.174, "speed": 20}, {"origin": 3073982884, "destination": 1560680525, "distance": 181.559, "speed": 20}, {"origin": 3073982884, "destination": 2710628886, "distance": 131.55200000000002, "speed": 20}, {"origin": 3619283333, "destination": 1534989228, "distance": 1069.9339999999997, "speed": 20}, {"origin": 3619283333, "destination": 1534537113, "distance": 211.152, "speed": 20}, {"origin": 4557516304, "destination": 1647001996, "distance": 169.652, "speed": 30}, {"origin": 5446305856, "destination": 1958868552, "distance": 15.673000000000002, "speed": 90}, {"origin": 5446305882, "destination": 1954979597, "distance": 2.595, "speed": 90}, {"origin": 5582955314, "destination": 1733496612, "distance": 176.42, "speed": 30}, {"origin": 5582955314, "destination": 11404296430, "distance": 218.49400000000003, "speed": 50}, {"origin": 6009837280, "destination": 1647001996, "distance": 98.603, "speed": 30}, {"origin": 6009837280, "destination": 1958868583, "distance": 7.026, "speed": 30}, {"origin": 6009837280, "destination": 6009837281, "distance": 52.936, "speed": 30}, {"origin": 6009837281, "destination": 6009837280, "distance": 52.936, "speed": 30}, {"origin": 8443929123, "destination": 342459619, "distance": 65.07300000000001, "speed": 100}, {"origin": 8443929123, "destination": 8673752663, "distance": 19.186999999999998, "speed": 100}, {"origin": 8459138377, "destination": 8757571427, "distance": 106.09299999999999, "speed": 50}, {"origin": 8459138377, "destination": 8493876135, "distance": 26.361000000000004, "speed": 50}, {"origin": 8493864100, "destination": 8493876135, "distance": 22.879, "speed": 100}, {"origin": 8493864100, "destination": 8459138377, "distance": 22.448, "speed": 50}, {"origin": 8493864104, "destination": 8493876129, "distance": 19.566999999999997, "speed": 100}, {"origin": 8493864104, "destination": 8493876126, "distance": 19.455, "speed": 50}, {"origin": 8493864107, "destination": 1913991621, "distance": 51.652, "speed": 80}, {"origin": 8493864107, "destination": 8493864112, "distance": 47.556000000000004, "speed": 100}, {"origin": 8493864112, "destination": 8493876146, "distance": 6.379, "speed": 100}, {"origin": 8493876119, "destination": 8493876123, "distance": 37.311, "speed": 100}, {"origin": 8493876119, "destination": 1913991646, "distance": 36.548, "speed": 50}, {"origin": 8493876123, "destination": 8493864100, "distance": 16.817, "speed": 100}, {"origin": 8493876126, "destination": 1734548733, "distance": 634.05, "speed": 30}, {"origin": 8493876126, "destination": 8493876129, "distance": 20.898, "speed": 50}, {"origin": 8493876129, "destination": 8493864107, "distance": 5.65, "speed": 100}, {"origin": 8493876135, "destination": 8493864104, "distance": 10.742999999999999, "speed": 100}, {"origin": 8493876145, "destination": 11404296427, "distance": 10.994, "speed": 90}, {"origin": 8493876145, "destination": 8757571425, "distance": 49.362, "speed": 90}, {"origin": 8493876146, "destination": 8757571425, "distance": 37.502, "speed": 100}, {"origin": 8493876146, "destination": 8493876145, "distance": 49.357, "speed": 90}, {"origin": 8493876149, "destination": 11404296427, "distance": 12.88, "speed": 90}, {"origin": 8493876149, "destination": 1954979595, "distance": 1301.898, "speed": 90}, {"origin": 8729120008, "destination": 344861881, "distance": 89.374, "speed": 80}, {"origin": 8729120008, "destination": 344863325, "distance": 310.4169999999999, "speed": 80}, {"origin": 8729120008, "destination": 1913991621, "distance": 178.58100000000002, "speed": 80}, {"origin": 8757571425, "destination": 8493876119, "distance": 27.874000000000002, "speed": 100}, {"origin": 8757571427, "destination": 8459138377, "distance": 106.09299999999999, "speed": 50}, {"origin": 9503910580, "destination": 2180941266, "distance": 252.72, "speed": 30}, {"origin": 9503910580, "destination": 2180941616, "distance": 42.165, "speed": 30}, {"origin": 9503910580, "destination": 1534989228, "distance": 269.776, "speed": 50}, {"origin": 9503925087, "destination": 2180941266, "distance": 0.98, "speed": 20}, {"origin": 9503925087, "destination": 2180941734, "distance": 74.175, "speed": 20}, {"origin": 9503925087, "destination": 1534537179, "distance": 341.17, "speed": 20}, {"origin": 9590177619, "destination": 1733470460, "distance": 117.913, "speed": 50}, {"origin": 9630348447, "destination": 1534537007, "distance": 207.995, "speed": 20}, {"origin": 9630348447, "destination": 1537104233, "distance": 528.6020000000001, "speed": 20}, {"origin": 9630348447, "destination": 9630348450, "distance": 103.825, "speed": 50}, {"origin": 9630348450, "destination": 9630348447, "distance": 103.825, "speed": 50}, {"origin": 11229779438, "destination": 1537103689, "distance": 210.11399999999998, "speed": 20}, {"origin": 11229779438, "destination": 1537103977, "distance": 119.696, "speed": 20}, {"origin": 11229779438, "destination": 1736047790, "distance": 142.19899999999998, "speed": 20}, {"origin": 11229779441, "destination": 1535021272, "distance": 68.238, "speed": 30}, {"origin": 11389952798, "destination": 1545718220, "distance": 10.45, "speed": 20}, {"origin": 11398189617, "destination": 1733496488, "distance": 966.9909999999999, "speed": 50}, {"origin": 11404296427, "destination": 8493876149, "distance": 12.88, "speed": 90}, {"origin": 11404296427, "destination": 8493876145, "distance": 10.994, "speed": 90}, {"origin": 11404296427, "destination": 11404296430, "distance": 31.738, "speed": 50}, {"origin": 11404296430, "destination": 5582955314, "distance": 218.494, "speed": 50}, {"origin": 11404296430, "destination": 8493876149, "distance": 42.192, "speed": 50}]}