{"address": "Plaza Isabel II, Albacete", "distance": 500, "initial": 1529478039, "final": 1529570530, "intersections": [{"identifier": 265487279, "longitude": -1.8553761, "latitude": 38.9996927}, {"identifier": 265487281, "longitude": -1.8557544, "latitude": 38.9969507}, {"identifier": 335902325, "longitude": -1.8655098, "latitude": 39.0031076}, {"identifier": 335902331, "longitude": -1.8654618, "latitude": 39.0035492}, {"identifier": 335902335, "longitude": -1.8655811, "latitude": 39.0036429}, {"identifier": 335902337, "longitude": -1.8661606, "latitude": 39.0035652}, {"identifier": 335902340, "longitude": -1.8661277, "latitude": 39.0031277}, {"identifier": 338700479, "longitude": -1.8656885, "latitude": 39.003788}, {"identifier": 343689423, "longitude": -1.8655172, "latitude": 39.0036001}, {"identifier": 430967281, "longitude": -1.8613265, "latitude": 38.9999751}, {"identifier": 430968565, "longitude": -1.8602834, "latitude": 38.9991511}, {"identifier": 430968569, "longitude": -1.858918, "latitude": 38.9982214}, {"identifier": 430968573, "longitude": -1.8588948, "latitude": 38.9980972}, {"identifier": 430968590, "longitude": -1.8587723, "latitude": 38.9983034}, {"identifier": 430968592, "longitude": -1.8589007, "latitude": 38.9984077}, {"identifier": 430968594, "longitude": -1.8602064, "latitude": 38.999258}, {"identifier": 430968596, "longitude": -1.8607262, "latitude": 38.9996996}, {"identifier": 431043029, "longitude": -1.858698, "latitude": 38.9980651}, {"identifier": 434369348, "longitude": -1.8612288, "latitude": 38.9995786}, {"identifier": 434369351, "longitude": -1.8602513, "latitude": 38.9958733}, {"identifier": 434371970, "longitude": -1.8666551, "latitude": 38.9976338}, {"identifier": 434371973, "longitude": -1.8665225, "latitude": 38.9977124}, {"identifier": 435465418, "longitude": -1.864551, "latitude": 38.997112}, {"identifier": 435465423, "longitude": -1.8630597, "latitude": 38.9966637}, {"identifier": 435465434, "longitude": -1.858455, "latitude": 38.995743}, {"identifier": 435465437, "longitude": -1.85787, "latitude": 38.99576}, {"identifier": 497073943, "longitude": -1.8662001, "latitude": 39.0032056}, {"identifier": 567242066, "longitude": -1.8599878, "latitude": 38.9999999}, {"identifier": 569093986, "longitude": -1.8582646, "latitude": 39.0017434}, {"identifier": 569095148, "longitude": -1.8580167, "latitude": 39.0005729}, {"identifier": 569095150, "longitude": -1.8615517, "latitude": 39.001539}, {"identifier": 569095151, "longitude": -1.8603944, "latitude": 39.0018101}, {"identifier": 569174729, "longitude": -1.8617969, "latitude": 39.0021674}, {"identifier": 569174730, "longitude": -1.8618306, "latitude": 39.0022503}, {"identifier": 569174735, "longitude": -1.8595342, "latitude": 39.0030473}, {"identifier": 569202232, "longitude": -1.8622436, "latitude": 39.0032999}, {"identifier": 569202233, "longitude": -1.8632113, "latitude": 39.0030606}, {"identifier": 569202236, "longitude": -1.8620454, "latitude": 39.0028053}, {"identifier": 569202238, "longitude": -1.8603109, "latitude": 39.0032508}, {"identifier": 569203716, "longitude": -1.8634098, "latitude": 39.0036063}, {"identifier": 570694341, "longitude": -1.8587178, "latitude": 39.0016884}, {"identifier": 570694342, "longitude": -1.859202, "latitude": 39.0017215}, {"identifier": 570694819, "longitude": -1.858761, "latitude": 38.9999355}, {"identifier": 570694820, "longitude": -1.8587053, "latitude": 39.0006342}, {"identifier": 570694821, "longitude": -1.8598012, "latitude": 39.0017643}, {"identifier": 570694822, "longitude": -1.8586117, "latitude": 39.0016821}, {"identifier": 571127449, "longitude": -1.858084, "latitude": 38.9978748}, {"identifier": 571129942, "longitude": -1.8571225, "latitude": 38.9978826}, {"identifier": 571129950, "longitude": -1.8588383, "latitude": 38.9991189}, {"identifier": 571129952, "longitude": -1.8566723, "latitude": 39.0004666}, {"identifier": 618009051, "longitude": -1.8600575, "latitude": 38.9951897}, {"identifier": 672069214, "longitude": -1.8621646, "latitude": 38.996366}, {"identifier": 672687840, "longitude": -1.8656226, "latitude": 38.9982185}, {"identifier": 672687841, "longitude": -1.8620325, "latitude": 39.0006341}, {"identifier": 672689819, "longitude": -1.8645185, "latitude": 38.9987623}, {"identifier": 672690743, "longitude": -1.8631691, "latitude": 39.0007364}, {"identifier": 772970904, "longitude": -1.8581771, "latitude": 38.9990718}, {"identifier": 772970924, "longitude": -1.8619424, "latitude": 38.9961074}, {"identifier": 955316231, "longitude": -1.8570394, "latitude": 38.9958374}, {"identifier": 1123739916, "longitude": -1.8571572, "latitude": 39.0024091}, {"identifier": 1255486886, "longitude": -1.8643436, "latitude": 38.9951872}, {"identifier": 1255486888, "longitude": -1.8632339, "latitude": 38.9953465}, {"identifier": 1255528464, "longitude": -1.8644838, "latitude": 38.9982593}, {"identifier": 1255528482, "longitude": -1.8599493, "latitude": 38.9981717}, {"identifier": 1255528484, "longitude": -1.865516, "latitude": 38.9982712}, {"identifier": 1255528488, "longitude": -1.8609381, "latitude": 38.9982798}, {"identifier": 1255528489, "longitude": -1.8627097, "latitude": 38.9982466}, {"identifier": 1255547627, "longitude": -1.862534, "latitude": 38.9990623}, {"identifier": 1255547643, "longitude": -1.8604788, "latitude": 38.9968958}, {"identifier": 1257471995, "longitude": -1.8598054, "latitude": 38.9988229}, {"identifier": 1257471997, "longitude": -1.860305, "latitude": 38.9962944}, {"identifier": 1262223927, "longitude": -1.8660211, "latitude": 38.9984262}, {"identifier": 1262223929, "longitude": -1.8669003, "latitude": 38.9985256}, {"identifier": 1265098200, "longitude": -1.859014, "latitude": 38.9975216}, {"identifier": 1265098203, "longitude": -1.8600509, "latitude": 38.9976478}, {"identifier": 1307889214, "longitude": -1.8656133, "latitude": 38.9991364}, {"identifier": 1307889215, "longitude": -1.8653047, "latitude": 39.0009564}, {"identifier": 1307889216, "longitude": -1.8650734, "latitude": 39.002335}, {"identifier": 1307889217, "longitude": -1.8645663, "latitude": 39.0027137}, {"identifier": 1526053382, "longitude": -1.8665619, "latitude": 39.0033421}, {"identifier": 1529477002, "longitude": -1.8602933, "latitude": 38.9961909}, {"identifier": 1529477570, "longitude": -1.8645048, "latitude": 38.9958007}, {"identifier": 1529477757, "longitude": -1.8619423, "latitude": 38.9970989}, {"identifier": 1529477781, "longitude": -1.8617975, "latitude": 38.9976748}, {"identifier": 1529477782, "longitude": -1.8616692, "latitude": 38.9982722}, {"identifier": 1529477783, "longitude": -1.8615017, "latitude": 38.9989424}, {"identifier": 1529477806, "longitude": -1.8610766, "latitude": 38.9989093}, {"identifier": 1529477829, "longitude": -1.8651554, "latitude": 38.9982658}, {"identifier": 1529477842, "longitude": -1.8609989, "latitude": 38.9986043}, {"identifier": 1529477859, "longitude": -1.8643573, "latitude": 39.0005451}, {"identifier": 1529477861, "longitude": -1.8644018, "latitude": 39.0002564}, {"identifier": 1529477863, "longitude": -1.8644539, "latitude": 38.9999575}, {"identifier": 1529477879, "longitude": -1.8651134, "latitude": 38.9990827}, {"identifier": 1529477882, "longitude": -1.864967, "latitude": 39.0000075}, {"identifier": 1529477889, "longitude": -1.8654665, "latitude": 39.0000466}, {"identifier": 1529477897, "longitude": -1.8633349, "latitude": 38.9998387}, {"identifier": 1529478001, "longitude": -1.8654151, "latitude": 39.000355}, {"identifier": 1529478036, "longitude": -1.8663546, "latitude": 39.0013967}, {"identifier": 1529478039, "longitude": -1.8651857, "latitude": 39.0015948}, {"identifier": 1529478044, "longitude": -1.8662964, "latitude": 39.0017012}, {"identifier": 1529478053, "longitude": -1.8651414, "latitude": 39.00192}, {"identifier": 1529478061, "longitude": -1.8662444, "latitude": 39.002014}, {"identifier": 1529478076, "longitude": -1.8641697, "latitude": 39.0015956}, {"identifier": 1529478088, "longitude": -1.8636934, "latitude": 39.0019667}, {"identifier": 1529570474, "longitude": -1.8644317, "latitude": 38.9988067}, {"identifier": 1529570476, "longitude": -1.8657904, "latitude": 38.9981321}, {"identifier": 1529570478, "longitude": -1.8586713, "latitude": 38.9982755}, {"identifier": 1529570530, "longitude": -1.8657488, "latitude": 38.9984087}, {"identifier": 1529570534, "longitude": -1.8646205, "latitude": 38.9990298}, {"identifier": 1529570537, "longitude": -1.8635113, "latitude": 38.9992519}, {"identifier": 1529724436, "longitude": -1.8584013, "latitude": 38.9980868}, {"identifier": 1529776595, "longitude": -1.8646323, "latitude": 38.9963486}, {"identifier": 1529776599, "longitude": -1.8651623, "latitude": 38.9957038}, {"identifier": 1529776631, "longitude": -1.8660246, "latitude": 38.9963479}, {"identifier": 1529776677, "longitude": -1.8659225, "latitude": 38.9958373}, {"identifier": 1529776748, "longitude": -1.8652004, "latitude": 38.9973618}, {"identifier": 1529803128, "longitude": -1.8660318, "latitude": 39.0036529}, {"identifier": 1529803131, "longitude": -1.8610342, "latitude": 38.9996905}, {"identifier": 1529803155, "longitude": -1.8608409, "latitude": 38.9997865}, {"identifier": 1529803160, "longitude": -1.8607488, "latitude": 38.9998191}, {"identifier": 1534218779, "longitude": -1.8629326, "latitude": 38.9972377}, {"identifier": 1534218793, "longitude": -1.8628251, "latitude": 38.9977276}, {"identifier": 1534218794, "longitude": -1.8607258, "latitude": 38.9976303}, {"identifier": 1569858036, "longitude": -1.8651881, "latitude": 39.0031809}, {"identifier": 1580940744, "longitude": -1.8633436, "latitude": 38.9993312}, {"identifier": 1618101327, "longitude": -1.865358, "latitude": 39.0006503}, {"identifier": 1618101330, "longitude": -1.8641995, "latitude": 39.0014913}, {"identifier": 1628459238, "longitude": -1.8665817, "latitude": 39.0001595}, {"identifier": 1628459242, "longitude": -1.8643078, "latitude": 39.0008494}, {"identifier": 1635414150, "longitude": -1.865869, "latitude": 39.0036949}, {"identifier": 1635414162, "longitude": -1.8644307, "latitude": 39.0040446}, {"identifier": 1635414168, "longitude": -1.8651646, "latitude": 39.0039801}, {"identifier": 1650605349, "longitude": -1.8617768, "latitude": 38.9956316}, {"identifier": 1680703999, "longitude": -1.8648758, "latitude": 39.004018}, {"identifier": 1736146191, "longitude": -1.8609885, "latitude": 38.9959992}, {"identifier": 1836701439, "longitude": -1.8564747, "latitude": 39.0017083}, {"identifier": 1836701449, "longitude": -1.8619372, "latitude": 39.0006932}, {"identifier": 1836701457, "longitude": -1.8620921, "latitude": 39.0006478}, {"identifier": 1836701461, "longitude": -1.8661417, "latitude": 39.0041613}, {"identifier": 1836701463, "longitude": -1.8669026, "latitude": 39.0031941}, {"identifier": 1836701467, "longitude": -1.8657666, "latitude": 39.00297}, {"identifier": 1836701490, "longitude": -1.8556724, "latitude": 38.9978801}, {"identifier": 1836701507, "longitude": -1.866416, "latitude": 39.0010743}, {"identifier": 1836701519, "longitude": -1.8612492, "latitude": 39.0008311}, {"identifier": 1837752453, "longitude": -1.866764, "latitude": 38.9992598}, {"identifier": 1837752577, "longitude": -1.8645177, "latitude": 38.997102}, {"identifier": 1838958612, "longitude": -1.8638449, "latitude": 39.0022998}, {"identifier": 1838958614, "longitude": -1.860468, "latitude": 39.0007668}, {"identifier": 1838958617, "longitude": -1.862625, "latitude": 39.0012619}, {"identifier": 1838958629, "longitude": -1.8644107, "latitude": 39.0027564}, {"identifier": 1838958630, "longitude": -1.8605276, "latitude": 39.0000395}, {"identifier": 1838958632, "longitude": -1.8633029, "latitude": 39.0018217}, {"identifier": 1838967398, "longitude": -1.8598492, "latitude": 39.0028525}, {"identifier": 1838967404, "longitude": -1.8584013, "latitude": 39.0016654}, {"identifier": 1838967407, "longitude": -1.8555193, "latitude": 38.9988165}, {"identifier": 1838967415, "longitude": -1.8598855, "latitude": 39.000724}, {"identifier": 1838967427, "longitude": -1.8583818, "latitude": 39.0037102}, {"identifier": 1838967429, "longitude": -1.8603594, "latitude": 39.0025606}, {"identifier": 1838967430, "longitude": -1.8601335, "latitude": 39.0026816}, {"identifier": 1838967432, "longitude": -1.8569404, "latitude": 38.9989457}, {"identifier": 1838967435, "longitude": -1.8587618, "latitude": 39.0041037}, {"identifier": 1845484932, "longitude": -1.8611928, "latitude": 39.0030311}, {"identifier": 1845484945, "longitude": -1.8602747, "latitude": 39.0037851}, {"identifier": 1845484949, "longitude": -1.8613955, "latitude": 39.0035155}, {"identifier": 1863956336, "longitude": -1.8649238, "latitude": 39.0039152}, {"identifier": 1863967063, "longitude": -1.8635378, "latitude": 38.9962687}, {"identifier": 1869605924, "longitude": -1.8661661, "latitude": 39.0026956}, {"identifier": 1972430537, "longitude": -1.8625351, "latitude": 38.9997331}, {"identifier": 1972430544, "longitude": -1.8623553, "latitude": 38.9997562}, {"identifier": 1994436108, "longitude": -1.8630533, "latitude": 39.001444}, {"identifier": 1994436318, "longitude": -1.8649777, "latitude": 39.0032117}, {"identifier": 2000100687, "longitude": -1.857206, "latitude": 38.9972969}, {"identifier": 2003461769, "longitude": -1.856796, "latitude": 38.9997945}, {"identifier": 2003461771, "longitude": -1.8580904, "latitude": 38.9998874}, {"identifier": 2706919065, "longitude": -1.8620469, "latitude": 39.0006105}, {"identifier": 2783160954, "longitude": -1.858118, "latitude": 38.9978978}, {"identifier": 2783161151, "longitude": -1.8559297, "latitude": 38.9959289}, {"identifier": 2783372566, "longitude": -1.8619144, "latitude": 38.9960144}, {"identifier": 2822641909, "longitude": -1.8620268, "latitude": 38.9962447}, {"identifier": 2822641953, "longitude": -1.8618948, "latitude": 38.9962818}, {"identifier": 2824630544, "longitude": -1.8570019, "latitude": 38.9957766}, {"identifier": 2879354499, "longitude": -1.8622587, "latitude": 38.9998809}, {"identifier": 4575714132, "longitude": -1.8589357, "latitude": 38.9980863}, {"identifier": 11303171544, "longitude": -1.8611066, "latitude": 38.9996494}, {"identifier": 11787944276, "longitude": -1.8620766, "latitude": 38.996339}], "segments": [{"origin": 265487279, "destination": 1838967407, "distance": 98.21199999999999, "speed": 30}, {"origin": 335902325, "destination": 1569858036, "distance": 29.733000000000004, "speed": 30}, {"origin": 335902325, "destination": 335902331, "distance": 52.918000000000006, "speed": 30}, {"origin": 335902331, "destination": 343689423, "distance": 7.423, "speed": 30}, {"origin": 335902335, "destination": 338700479, "distance": 18.613, "speed": 30}, {"origin": 335902335, "destination": 1635414150, "distance": 26.008000000000003, "speed": 30}, {"origin": 335902337, "destination": 1526053382, "distance": 42.69, "speed": 30}, {"origin": 335902337, "destination": 497073943, "distance": 42.302, "speed": 30}, {"origin": 335902340, "destination": 1836701467, "distance": 36.318, "speed": 30}, {"origin": 338700479, "destination": 1635414150, "distance": 18.72, "speed": 30}, {"origin": 338700479, "destination": 1836701461, "distance": 57.131, "speed": 30}, {"origin": 343689423, "destination": 335902335, "distance": 7.29, "speed": 30}, {"origin": 343689423, "destination": 1863956336, "distance": 66.177, "speed": 30}, {"origin": 430967281, "destination": 1529803131, "distance": 48.958, "speed": 30}, {"origin": 430967281, "destination": 434369348, "distance": 44.894000000000005, "speed": 30}, {"origin": 430968565, "destination": 1257471995, "distance": 55.16, "speed": 30}, {"origin": 430968565, "destination": 1529477842, "distance": 86.71700000000001, "speed": 30}, {"origin": 430968569, "destination": 430968573, "distance": 14.450000000000001, "speed": 30}, {"origin": 430968573, "destination": 4575714132, "distance": 3.736, "speed": 30}, {"origin": 430968573, "destination": 431043029, "distance": 18.564, "speed": 30}, {"origin": 430968590, "destination": 430968592, "distance": 16.051, "speed": 30}, {"origin": 430968590, "destination": 430968569, "distance": 16.264, "speed": 30}, {"origin": 430968592, "destination": 430968594, "distance": 147.26000000000002, "speed": 30}, {"origin": 430968592, "destination": 571129950, "distance": 79.265, "speed": 30}, {"origin": 430968594, "destination": 430968596, "distance": 66.55, "speed": 30}, {"origin": 430968596, "destination": 1529803160, "distance": 13.733, "speed": 30}, {"origin": 430968596, "destination": 1529803155, "distance": 13.846, "speed": 30}, {"origin": 431043029, "destination": 2783160954, "distance": 53.979, "speed": 30}, {"origin": 431043029, "destination": 1529570478, "distance": 27.933, "speed": 30}, {"origin": 434369348, "destination": 11303171544, "distance": 13.172, "speed": 30}, {"origin": 434369348, "destination": 1529477806, "distance": 75.576, "speed": 30}, {"origin": 434369351, "destination": 1736146191, "distance": 65.237, "speed": 30}, {"origin": 434369351, "destination": 1529477002, "distance": 35.501999999999995, "speed": 30}, {"origin": 434371970, "destination": 434371973, "distance": 14.412, "speed": 30}, {"origin": 434371970, "destination": 435465418, "distance": 190.977, "speed": 30}, {"origin": 434371973, "destination": 434371970, "distance": 14.412, "speed": 30}, {"origin": 434371973, "destination": 1529570476, "distance": 78.61699999999999, "speed": 30}, {"origin": 435465418, "destination": 1837752577, "distance": 3.085, "speed": 30}, {"origin": 435465418, "destination": 1529776748, "distance": 63.761, "speed": 30}, {"origin": 435465423, "destination": 672069214, "distance": 84.143, "speed": 30}, {"origin": 435465423, "destination": 1837752577, "distance": 135.096, "speed": 30}, {"origin": 435465434, "destination": 434369351, "distance": 156.036, "speed": 30}, {"origin": 435465437, "destination": 435465434, "distance": 50.591, "speed": 30}, {"origin": 435465437, "destination": 955316231, "distance": 72.3, "speed": 30}, {"origin": 497073943, "destination": 335902340, "distance": 10.685, "speed": 30}, {"origin": 567242066, "destination": 570694819, "distance": 106.304, "speed": 30}, {"origin": 569093986, "destination": 1123739916, "distance": 120.981, "speed": 30}, {"origin": 569093986, "destination": 569174735, "distance": 181.817, "speed": 30}, {"origin": 569095148, "destination": 570694820, "distance": 59.894, "speed": 30}, {"origin": 569095148, "destination": 2003461771, "distance": 76.49, "speed": 30}, {"origin": 569095150, "destination": 1836701519, "distance": 82.94200000000001, "speed": 30}, {"origin": 569095150, "destination": 569095151, "distance": 104.479, "speed": 30}, {"origin": 569095151, "destination": 1838967429, "distance": 83.506, "speed": 30}, {"origin": 569095151, "destination": 570694821, "distance": 51.513000000000005, "speed": 30}, {"origin": 569174729, "destination": 569095150, "distance": 73.024, "speed": 30}, {"origin": 569174730, "destination": 569174729, "distance": 9.668, "speed": 30}, {"origin": 569174730, "destination": 1838958632, "distance": 135.859, "speed": 30}, {"origin": 569174735, "destination": 1838967398, "distance": 34.786, "speed": 30}, {"origin": 569174735, "destination": 1838967435, "distance": 173.699, "speed": 30}, {"origin": 569202232, "destination": 569202233, "distance": 87.751, "speed": 30}, {"origin": 569202232, "destination": 569202236, "distance": 57.602999999999994, "speed": 30}, {"origin": 569202233, "destination": 569203716, "distance": 63.057, "speed": 30}, {"origin": 569202233, "destination": 1838958629, "distance": 109.148, "speed": 30}, {"origin": 569202236, "destination": 569174730, "distance": 64.444, "speed": 30}, {"origin": 569202236, "destination": 1845484932, "distance": 77.835, "speed": 30}, {"origin": 569202238, "destination": 1845484945, "distance": 59.494, "speed": 30}, {"origin": 570694341, "destination": 570694822, "distance": 9.195, "speed": 30}, {"origin": 570694342, "destination": 570694341, "distance": 42.003, "speed": 30}, {"origin": 570694342, "destination": 1838967430, "distance": 133.703, "speed": 30}, {"origin": 570694819, "destination": 570694820, "distance": 77.841, "speed": 30}, {"origin": 570694819, "destination": 2003461771, "distance": 58.198, "speed": 30}, {"origin": 570694820, "destination": 1838967415, "distance": 102.473, "speed": 30}, {"origin": 570694820, "destination": 570694822, "distance": 116.801, "speed": 30}, {"origin": 570694821, "destination": 570694342, "distance": 51.997, "speed": 30}, {"origin": 570694821, "destination": 1838967415, "distance": 115.905, "speed": 30}, {"origin": 570694822, "destination": 1838967404, "distance": 18.276, "speed": 30}, {"origin": 571127449, "destination": 2783160954, "distance": 3.895, "speed": 30}, {"origin": 571127449, "destination": 2000100687, "distance": 99.431, "speed": 30}, {"origin": 571129942, "destination": 571127449, "distance": 83.24199999999999, "speed": 30}, {"origin": 571129942, "destination": 1838967432, "distance": 119.274, "speed": 30}, {"origin": 571129950, "destination": 430968594, "distance": 119.33599999999998, "speed": 30}, {"origin": 571129950, "destination": 570694819, "distance": 91.047, "speed": 30}, {"origin": 571129952, "destination": 1836701439, "distance": 139.15900000000002, "speed": 30}, {"origin": 571129952, "destination": 569095148, "distance": 116.77499999999999, "speed": 30}, {"origin": 618009051, "destination": 434369351, "distance": 77.836, "speed": 30}, {"origin": 672069214, "destination": 435465423, "distance": 84.143, "speed": 30}, {"origin": 672069214, "destination": 2822641909, "distance": 18.05, "speed": 30}, {"origin": 672687840, "destination": 1529570476, "distance": 17.395, "speed": 30}, {"origin": 672687840, "destination": 1529570530, "distance": 23.799, "speed": 30}, {"origin": 672687840, "destination": 1255528484, "distance": 10.918, "speed": 30}, {"origin": 672687841, "destination": 2706919065, "distance": 2.904, "speed": 30}, {"origin": 672687841, "destination": 1836701449, "distance": 10.552, "speed": 30}, {"origin": 672689819, "destination": 1255528484, "distance": 102.042, "speed": 30}, {"origin": 672689819, "destination": 1529570474, "distance": 8.98, "speed": 30}, {"origin": 672689819, "destination": 1255528464, "distance": 56.01299999999999, "speed": 30}, {"origin": 672690743, "destination": 1628459242, "distance": 99.203, "speed": 30}, {"origin": 672690743, "destination": 1994436108, "distance": 79.323, "speed": 30}, {"origin": 772970904, "destination": 571129950, "distance": 57.378, "speed": 30}, {"origin": 772970904, "destination": 1529724436, "distance": 115.461, "speed": 30}, {"origin": 772970924, "destination": 2783372566, "distance": 10.62, "speed": 30}, {"origin": 772970924, "destination": 2822641953, "distance": 28.666, "speed": 30}, {"origin": 955316231, "destination": 2824630544, "distance": 7.497, "speed": 30}, {"origin": 955316231, "destination": 435465437, "distance": 72.3, "speed": 30}, {"origin": 955316231, "destination": 2783161151, "distance": 97.71099999999998, "speed": 30}, {"origin": 955316231, "destination": 2000100687, "distance": 163.195, "speed": 30}, {"origin": 1123739916, "destination": 1836701439, "distance": 97.74900000000001, "speed": 30}, {"origin": 1255486888, "destination": 1863967063, "distance": 105.854, "speed": 30}, {"origin": 1255486888, "destination": 1255486886, "distance": 97.52300000000001, "speed": 30}, {"origin": 1255528464, "destination": 1255528489, "distance": 153.31900000000002, "speed": 30}, {"origin": 1255528464, "destination": 672689819, "distance": 56.01299999999999, "speed": 30}, {"origin": 1255528464, "destination": 1837752577, "distance": 128.929, "speed": 30}, {"origin": 1255528482, "destination": 1255528488, "distance": 86.29, "speed": 30}, {"origin": 1255528482, "destination": 4575714132, "distance": 88.46600000000001, "speed": 30}, {"origin": 1255528482, "destination": 1257471995, "distance": 73.47, "speed": 30}, {"origin": 1255528484, "destination": 672689819, "distance": 102.042, "speed": 30}, {"origin": 1255528484, "destination": 1529477829, "distance": 31.167, "speed": 30}, {"origin": 1255528484, "destination": 672687840, "distance": 10.918, "speed": 30}, {"origin": 1255528488, "destination": 1534218794, "distance": 74.515, "speed": 30}, {"origin": 1255528488, "destination": 1255528482, "distance": 86.28999999999999, "speed": 30}, {"origin": 1255528488, "destination": 1529477782, "distance": 63.185, "speed": 30}, {"origin": 1255528489, "destination": 1534218793, "distance": 58.565999999999995, "speed": 30}, {"origin": 1255528489, "destination": 1529477782, "distance": 89.96199999999999, "speed": 30}, {"origin": 1255528489, "destination": 1255528464, "distance": 153.31900000000002, "speed": 30}, {"origin": 1255547627, "destination": 1255528489, "distance": 91.964, "speed": 30}, {"origin": 1255547627, "destination": 1529570537, "distance": 90.62, "speed": 30}, {"origin": 1255547643, "destination": 1257471997, "distance": 68.584, "speed": 30}, {"origin": 1257471995, "destination": 430968569, "distance": 105.24799999999999, "speed": 30}, {"origin": 1257471997, "destination": 1529477002, "distance": 11.553, "speed": 30}, {"origin": 1257471997, "destination": 1265098203, "distance": 152.08499999999998, "speed": 30}, {"origin": 1262223927, "destination": 1529570530, "distance": 23.612, "speed": 30}, {"origin": 1262223927, "destination": 1529570476, "distance": 38.308, "speed": 30}, {"origin": 1262223929, "destination": 1262223927, "distance": 76.77799999999999, "speed": 30}, {"origin": 1265098200, "destination": 4575714132, "distance": 63.157000000000004, "speed": 30}, {"origin": 1265098203, "destination": 1255528482, "distance": 58.913, "speed": 30}, {"origin": 1265098203, "destination": 1265098200, "distance": 90.699, "speed": 30}, {"origin": 1307889214, "destination": 1529477889, "distance": 102.00099999999999, "speed": 30}, {"origin": 1307889214, "destination": 1837752453, "distance": 100.38199999999999, "speed": 30}, {"origin": 1307889215, "destination": 1836701507, "distance": 96.922, "speed": 30}, {"origin": 1307889215, "destination": 1529478039, "distance": 71.729, "speed": 30}, {"origin": 1307889216, "destination": 1529478076, "distance": 113.393, "speed": 30}, {"origin": 1307889216, "destination": 1307889217, "distance": 60.773, "speed": 30}, {"origin": 1307889217, "destination": 1529478088, "distance": 112.201, "speed": 30}, {"origin": 1526053382, "destination": 1836701463, "distance": 33.815, "speed": 30}, {"origin": 1529477002, "destination": 1257471997, "distance": 11.553, "speed": 30}, {"origin": 1529477002, "destination": 1265098200, "distance": 240.711, "speed": 30}, {"origin": 1529477002, "destination": 434369351, "distance": 35.501999999999995, "speed": 30}, {"origin": 1529477570, "destination": 1255486886, "distance": 69.626, "speed": 30}, {"origin": 1529477570, "destination": 1529776599, "distance": 57.834, "speed": 20}, {"origin": 1529477757, "destination": 1529477781, "distance": 65.248, "speed": 30}, {"origin": 1529477757, "destination": 1255547643, "distance": 128.47299999999998, "speed": 30}, {"origin": 1529477781, "destination": 1534218793, "distance": 88.997, "speed": 30}, {"origin": 1529477781, "destination": 1529477782, "distance": 67.34700000000001, "speed": 30}, {"origin": 1529477782, "destination": 1529477783, "distance": 75.916, "speed": 30}, {"origin": 1529477782, "destination": 1255528488, "distance": 63.185, "speed": 30}, {"origin": 1529477782, "destination": 1255528489, "distance": 89.96199999999999, "speed": 30}, {"origin": 1529477783, "destination": 1255547627, "distance": 90.198, "speed": 30}, {"origin": 1529477806, "destination": 1529477842, "distance": 34.573, "speed": 30}, {"origin": 1529477806, "destination": 1529477783, "distance": 36.919, "speed": 30}, {"origin": 1529477829, "destination": 1255528464, "distance": 58.041999999999994, "speed": 30}, {"origin": 1529477842, "destination": 1255528488, "distance": 36.464, "speed": 30}, {"origin": 1529477859, "destination": 1529477861, "distance": 32.332, "speed": 30}, {"origin": 1529477861, "destination": 1529478001, "distance": 88.247, "speed": 30}, {"origin": 1529477861, "destination": 1529477863, "distance": 33.543, "speed": 30}, {"origin": 1529477863, "destination": 1529570534, "distance": 104.15700000000001, "speed": 30}, {"origin": 1529477863, "destination": 1529477897, "distance": 97.596, "speed": 30}, {"origin": 1529477879, "destination": 1529477882, "distance": 103.60900000000001, "speed": 30}, {"origin": 1529477879, "destination": 1307889214, "distance": 43.61, "speed": 30}, {"origin": 1529477882, "destination": 1529477879, "distance": 103.609, "speed": 30}, {"origin": 1529477882, "destination": 1529477863, "distance": 44.687, "speed": 30}, {"origin": 1529477889, "destination": 1529478001, "distance": 34.579, "speed": 30}, {"origin": 1529477889, "destination": 1529477882, "distance": 43.382, "speed": 30}, {"origin": 1529477897, "destination": 672690743, "distance": 100.86599999999999, "speed": 30}, {"origin": 1529478001, "destination": 1618101327, "distance": 33.205, "speed": 30}, {"origin": 1529478036, "destination": 1836701507, "distance": 36.239000000000004, "speed": 30}, {"origin": 1529478039, "destination": 1529478053, "distance": 36.363, "speed": 30}, {"origin": 1529478039, "destination": 1529478044, "distance": 96.705, "speed": 30}, {"origin": 1529478044, "destination": 1529478061, "distance": 35.071, "speed": 30}, {"origin": 1529478044, "destination": 1529478036, "distance": 34.23, "speed": 30}, {"origin": 1529478053, "destination": 1307889216, "distance": 46.519, "speed": 30}, {"origin": 1529478061, "destination": 1529478053, "distance": 95.884, "speed": 30}, {"origin": 1529478061, "destination": 1529478044, "distance": 35.071, "speed": 30}, {"origin": 1529478061, "destination": 1869605924, "distance": 76.378, "speed": 30}, {"origin": 1529478061, "destination": 1529478036, "distance": 159.861, "speed": 30}, {"origin": 1529478076, "destination": 1618101330, "distance": 11.949, "speed": 30}, {"origin": 1529478088, "destination": 1994436108, "distance": 80.235, "speed": 30}, {"origin": 1529478088, "destination": 1529478076, "distance": 58.282, "speed": 30}, {"origin": 1529570474, "destination": 672689819, "distance": 8.98, "speed": 30}, {"origin": 1529570474, "destination": 1529570534, "distance": 30.101, "speed": 30}, {"origin": 1529570474, "destination": 1529570537, "distance": 93.68599999999999, "speed": 30}, {"origin": 1529570476, "destination": 672687840, "distance": 17.395, "speed": 30}, {"origin": 1529570476, "destination": 434371973, "distance": 78.61699999999999, "speed": 30}, {"origin": 1529570478, "destination": 430968590, "distance": 9.36, "speed": 30}, {"origin": 1529570530, "destination": 1307889214, "distance": 81.759, "speed": 30}, {"origin": 1529570534, "destination": 672689819, "distance": 32.203, "speed": 30}, {"origin": 1529570534, "destination": 1529477879, "distance": 42.998, "speed": 30}, {"origin": 1529570537, "destination": 1580940744, "distance": 16.964, "speed": 30}, {"origin": 1529570537, "destination": 1529570474, "distance": 93.68599999999999, "speed": 30}, {"origin": 1529724436, "destination": 1529570478, "distance": 31.380000000000003, "speed": 30}, {"origin": 1529776595, "destination": 1863967063, "distance": 95.088, "speed": 30}, {"origin": 1529776595, "destination": 1529477570, "distance": 61.912, "speed": 30}, {"origin": 1529776599, "destination": 1529477570, "distance": 57.834, "speed": 20}, {"origin": 1529776631, "destination": 1529776595, "distance": 120.324, "speed": 30}, {"origin": 1529776677, "destination": 1529776631, "distance": 57.458, "speed": 30}, {"origin": 1529776748, "destination": 434371973, "distance": 120.72999999999999, "speed": 30}, {"origin": 1529776748, "destination": 1529477829, "distance": 100.596, "speed": 30}, {"origin": 1529803128, "destination": 335902337, "distance": 14.870999999999999, "speed": 30}, {"origin": 1529803131, "destination": 1529803155, "distance": 19.832, "speed": 30}, {"origin": 1529803155, "destination": 1529803160, "distance": 8.745, "speed": 30}, {"origin": 1529803155, "destination": 1836701449, "distance": 138.34699999999998, "speed": 30}, {"origin": 1529803160, "destination": 1838958630, "distance": 33.995, "speed": 30}, {"origin": 1529803160, "destination": 567242066, "distance": 68.786, "speed": 30}, {"origin": 1534218779, "destination": 435465423, "distance": 64.764, "speed": 30}, {"origin": 1534218779, "destination": 1529477757, "distance": 86.96, "speed": 30}, {"origin": 1534218793, "destination": 1534218779, "distance": 55.261, "speed": 30}, {"origin": 1534218794, "destination": 1255547643, "distance": 84.416, "speed": 30}, {"origin": 1534218794, "destination": 1529477781, "distance": 92.746, "speed": 30}, {"origin": 1569858036, "destination": 1994436318, "distance": 18.501, "speed": 30}, {"origin": 1569858036, "destination": 1307889217, "distance": 75.653, "speed": 30}, {"origin": 1580940744, "destination": 1529570537, "distance": 16.964, "speed": 30}, {"origin": 1580940744, "destination": 1529477897, "distance": 57.976, "speed": 30}, {"origin": 1580940744, "destination": 1972430537, "distance": 82.961, "speed": 30}, {"origin": 1618101327, "destination": 1307889215, "distance": 34.347, "speed": 30}, {"origin": 1618101327, "destination": 1529477859, "distance": 87.262, "speed": 30}, {"origin": 1618101330, "destination": 1529478039, "distance": 85.994, "speed": 30}, {"origin": 1618101330, "destination": 1628459242, "distance": 71.99, "speed": 30}, {"origin": 1628459238, "destination": 1529477889, "distance": 97.184, "speed": 30}, {"origin": 1628459238, "destination": 1837752453, "distance": 101.275, "speed": 30}, {"origin": 1628459242, "destination": 1307889215, "distance": 86.96300000000001, "speed": 30}, {"origin": 1628459242, "destination": 1529477859, "distance": 34.105000000000004, "speed": 30}, {"origin": 1635414150, "destination": 1529803128, "distance": 14.896, "speed": 30}, {"origin": 1635414162, "destination": 1680703999, "distance": 38.635000000000005, "speed": 30}, {"origin": 1635414168, "destination": 338700479, "distance": 50.117000000000004, "speed": 30}, {"origin": 1650605349, "destination": 1255486888, "distance": 129.874, "speed": 30}, {"origin": 1680703999, "destination": 1635414168, "distance": 25.338, "speed": 30}, {"origin": 1736146191, "destination": 2822641953, "distance": 84.434, "speed": 30}, {"origin": 1736146191, "destination": 2783372566, "distance": 84.98599999999999, "speed": 30}, {"origin": 1736146191, "destination": 1650605349, "distance": 89.91300000000001, "speed": 30}, {"origin": 1836701449, "destination": 1838958617, "distance": 86.784, "speed": 30}, {"origin": 1836701449, "destination": 672687841, "distance": 10.552, "speed": 30}, {"origin": 1836701457, "destination": 2706919065, "distance": 5.697, "speed": 30}, {"origin": 1836701457, "destination": 672690743, "distance": 93.603, "speed": 30}, {"origin": 1836701463, "destination": 497073943, "distance": 62.215, "speed": 30}, {"origin": 1836701467, "destination": 335902325, "distance": 26.954, "speed": 30}, {"origin": 1836701467, "destination": 1307889216, "distance": 92.77, "speed": 30}, {"origin": 1836701490, "destination": 571129942, "distance": 125.38399999999999, "speed": 30}, {"origin": 1836701490, "destination": 265487281, "distance": 103.587, "speed": 30}, {"origin": 1836701507, "destination": 1628459238, "distance": 102.726, "speed": 30}, {"origin": 1836701519, "destination": 1836701449, "distance": 61.400000000000006, "speed": 30}, {"origin": 1836701519, "destination": 1838958630, "distance": 109.301, "speed": 30}, {"origin": 1837752453, "destination": 1262223929, "distance": 82.486, "speed": 30}, {"origin": 1837752453, "destination": 1262223927, "distance": 112.75699999999999, "speed": 30}, {"origin": 1837752577, "destination": 435465418, "distance": 3.085, "speed": 30}, {"origin": 1837752577, "destination": 435465423, "distance": 135.096, "speed": 30}, {"origin": 1837752577, "destination": 1255528464, "distance": 128.929, "speed": 30}, {"origin": 1838958612, "destination": 1838958629, "distance": 70.485, "speed": 30}, {"origin": 1838958612, "destination": 569202236, "distance": 165.51299999999998, "speed": 30}, {"origin": 1838958614, "destination": 569095151, "distance": 116.198, "speed": 30}, {"origin": 1838958614, "destination": 1836701519, "distance": 67.889, "speed": 30}, {"origin": 1838958617, "destination": 1838958632, "distance": 85.476, "speed": 30}, {"origin": 1838958617, "destination": 569095150, "distance": 97.741, "speed": 30}, {"origin": 1838958629, "destination": 1994436318, "distance": 70.47099999999999, "speed": 30}, {"origin": 1838958630, "destination": 1838958614, "distance": 81.06, "speed": 30}, {"origin": 1838958630, "destination": 567242066, "distance": 46.868, "speed": 30}, {"origin": 1838958632, "destination": 1838958612, "distance": 70.85, "speed": 30}, {"origin": 1838967398, "destination": 1838967430, "distance": 31.059, "speed": 30}, {"origin": 1838967398, "destination": 570694341, "distance": 162.215, "speed": 30}, {"origin": 1838967404, "destination": 569093986, "distance": 14.655, "speed": 30}, {"origin": 1838967404, "destination": 569095148, "distance": 160.28, "speed": 30}, {"origin": 1838967407, "destination": 1838967432, "distance": 123.64299999999999, "speed": 30}, {"origin": 1838967407, "destination": 1836701490, "distance": 104.96000000000001, "speed": 30}, {"origin": 1838967415, "destination": 1838958614, "distance": 50.562, "speed": 30}, {"origin": 1838967427, "destination": 569174735, "distance": 123.893, "speed": 30}, {"origin": 1838967427, "destination": 1123739916, "distance": 179.289, "speed": 30}, {"origin": 1838967429, "destination": 569202238, "distance": 76.862, "speed": 30}, {"origin": 1838967429, "destination": 569174729, "distance": 131.751, "speed": 30}, {"origin": 1838967430, "destination": 1838967429, "distance": 23.714, "speed": 30}, {"origin": 1838967432, "destination": 772970904, "distance": 107.786, "speed": 30}, {"origin": 1838967432, "destination": 2003461769, "distance": 95.20400000000001, "speed": 30}, {"origin": 1838967435, "destination": 1838967427, "distance": 54.712999999999994, "speed": 30}, {"origin": 1845484932, "destination": 569202238, "distance": 80.031, "speed": 30}, {"origin": 1845484945, "destination": 1845484949, "distance": 101.382, "speed": 30}, {"origin": 1845484949, "destination": 1845484932, "distance": 56.639, "speed": 30}, {"origin": 1845484949, "destination": 569202232, "distance": 77.107, "speed": 30}, {"origin": 1863956336, "destination": 1635414162, "distance": 44.991, "speed": 30}, {"origin": 1863956336, "destination": 1680703999, "distance": 12.466999999999999, "speed": 30}, {"origin": 1863967063, "destination": 772970924, "distance": 139.044, "speed": 30}, {"origin": 1869605924, "destination": 1529478061, "distance": 76.378, "speed": 30}, {"origin": 1869605924, "destination": 1836701467, "distance": 46.103, "speed": 40}, {"origin": 1972430537, "destination": 1972430544, "distance": 15.863, "speed": 30}, {"origin": 1972430537, "destination": 1580940744, "distance": 82.961, "speed": 30}, {"origin": 1972430544, "destination": 1255547627, "distance": 78.791, "speed": 30}, {"origin": 1972430544, "destination": 434369348, "distance": 99.449, "speed": 30}, {"origin": 1994436108, "destination": 1836701457, "distance": 121.39699999999999, "speed": 30}, {"origin": 1994436318, "destination": 335902331, "distance": 56.348, "speed": 30}, {"origin": 1994436318, "destination": 569203716, "distance": 142.56900000000002, "speed": 30}, {"origin": 2000100687, "destination": 265487281, "distance": 133.115, "speed": 30}, {"origin": 2000100687, "destination": 571129942, "distance": 65.53399999999999, "speed": 30}, {"origin": 2003461769, "destination": 571129952, "distance": 75.495, "speed": 30}, {"origin": 2003461769, "destination": 265487279, "distance": 123.222, "speed": 30}, {"origin": 2003461771, "destination": 772970904, "distance": 90.999, "speed": 30}, {"origin": 2003461771, "destination": 2003461769, "distance": 112.331, "speed": 30}, {"origin": 2706919065, "destination": 430967281, "distance": 94.59400000000001, "speed": 30}, {"origin": 2706919065, "destination": 2879354499, "distance": 84.151, "speed": 30}, {"origin": 2783160954, "destination": 571127449, "distance": 3.895, "speed": 30}, {"origin": 2783160954, "destination": 1529724436, "distance": 32.268, "speed": 30}, {"origin": 2783161151, "destination": 955316231, "distance": 97.711, "speed": 30}, {"origin": 2783372566, "destination": 1650605349, "distance": 44.196, "speed": 30}, {"origin": 2822641909, "destination": 772970924, "distance": 18.878, "speed": 30}, {"origin": 2822641953, "destination": 11787944276, "distance": 16.95, "speed": 30}, {"origin": 2822641953, "destination": 2822641909, "distance": 12.741, "speed": 30}, {"origin": 2824630544, "destination": 955316231, "distance": 7.497, "speed": 30}, {"origin": 2879354499, "destination": 1972430537, "distance": 28.993, "speed": 30}, {"origin": 2879354499, "destination": 1972430544, "distance": 16.211, "speed": 30}, {"origin": 4575714132, "destination": 430968573, "distance": 3.736, "speed": 30}, {"origin": 4575714132, "destination": 1255528482, "distance": 88.46600000000001, "speed": 30}, {"origin": 11303171544, "destination": 1529803131, "distance": 7.748, "speed": 30}, {"origin": 11303171544, "destination": 430968565, "distance": 95.219, "speed": 30}, {"origin": 11787944276, "destination": 672069214, "distance": 8.176, "speed": 30}, {"origin": 11787944276, "destination": 1529477757, "distance": 86.026, "speed": 30}]}